stock_id,stock_name,status,hotflow_score,score_pr,pr_rank_momentum,pr_rank_slope_5d,pr_hot_persistence_20d,pr_amount_z_60d,pr_amount_expansion,pr_rs_combined,pr_weekly_ma20_slope,amount_rank,rank_score,rank_change,rank_momentum,rank_slope_5d,hot_persistence_20d,amount_expansion,amount_z_60d,rs,rs_ma20,rs_trend,weekly_ma20_slope,ret_5d_pct,ret_20d_pct,rs_strength_20d_pct,close,amount_million,classify_reason
3441,聯一光,C 過熱或排除,95.56,100.0,97.4,98.8,87.3,95.8,96.2,98.2,90.5,34,67,25.0,25.0,14.8,9,5.06,3.75,0.004999,0.003902,1,8.093,34.96,90.08,84.84,249.0,10659.9,近 5 日漲幅 35.0% > 25% — 漲過頭
6257,矽格,A 主流形成中,93.67,99.8,94.7,99.5,88.4,97.2,96.8,88.5,74.2,24,77,7.0,7.0,21.8,11,5.76,4.44,0.005582,0.004997,1,2.455,9.45,30.52,25.28,278.0,13221.8,主流評分排前 0%（全市場 PR） | 近 5 日名次推進速度 +21.8 > 0（資金推升中） | 近 20 日上榜 11 天（持續被關注） | 相對強弱轉強 + 週線 20 均向上（中長期多頭）
6456,GIS-KY,B 觀察中,93.25,99.6,99.5,97.0,80.3,99.5,99.5,95.6,49.8,43,58,96.0,58.0,11.6,2,11.13,5.37,0.002048,0.001615,1,0.781,10.87,48.26,43.02,102.0,7270.3,主流評分排前 0%（未完全達 A 級條件）
6147,頎邦,A 主流形成中,92.49,99.4,99.5,94.1,97.0,93.8,89.5,80.0,64.1,11,90,54.0,54.0,7.0,20,2.81,2.94,0.004648,0.004404,1,1.4435,10.5,21.2,15.96,231.5,18506.0,主流評分排前 1%（全市場 PR） | 近 5 日名次推進速度 +7.0 > 0（資金推升中） | 近 20 日上榜 20 天（持續被關注） | 相對強弱轉強 + 週線 20 均向上（中長期多頭）
1303,南亞,A 主流形成中,92.24,99.2,93.4,96.6,97.0,88.5,80.2,91.9,90.9,3,98,1.0,1.0,10.6,20,1.88,1.98,0.006304,0.005194,1,8.6395,22.9,36.23,30.99,314.0,37678.8,主流評分排前 1%（全市場 PR） | 近 5 日名次推進速度 +10.6 > 0（資金推升中） | 近 20 日上榜 20 天（持續被關注） | 相對強弱轉強 + 週線 20 均向上（中長期多頭）
2492,華新科,C 過熱或排除,92.04,99.0,95.0,92.2,93.6,90.1,88.5,89.7,89.7,5,96,8.0,8.0,5.6,19,2.68,2.06,0.008593,0.006841,1,7.8511,42.9,32.51,27.27,428.0,22824.3,近 5 日漲幅 42.9% > 25% — 漲過頭
3605,宏致,A 主流形成中,91.91,98.8,97.9,96.2,87.3,86.3,86.9,92.5,84.1,60,41,28.0,28.0,9.5,9,2.59,1.77,0.003353,0.003256,1,4.4919,-2.05,38.59,33.35,167.0,5071.6,主流評分排前 1%（全市場 PR） | 近 5 日名次推進速度 +9.5 > 0（資金推升中） | 近 20 日上榜 9 天（持續被關注） | 相對強弱轉強 + 週線 20 均向上（中長期多頭）
6278,台表科,A 主流形成中,91.35,98.6,96.1,98.0,84.3,96.0,95.8,86.9,47.8,55,46,13.0,13.0,12.5,4,4.52,3.81,0.005029,0.004292,1,0.7383,14.91,28.46,23.22,250.5,5542.4,主流評分排前 1%（全市場 PR） | 近 5 日名次推進速度 +12.5 > 0（資金推升中） | 近 20 日上榜 4 天（持續被關注） | 相對強弱轉強 + 週線 20 均向上（中長期多頭）
3624,光頡,A 主流形成中,90.54,98.4,98.8,85.9,86.5,85.7,90.3,96.8,82.1,65,36,57.0,36.0,0.1,8,3.08,1.72,0.003202,0.002737,1,3.7599,16.0,64.6,59.36,159.5,4754.9,主流評分排前 2%（全市場 PR） | 近 5 日名次推進速度 +0.1 > 0（資金推升中） | 近 20 日上榜 8 天（持續被關注） | 相對強弱轉強 + 週線 20 均向上（中長期多頭）
1301,台塑,B 觀察中,89.63,98.2,99.5,98.2,80.3,92.9,91.3,71.6,57.1,38,63,111.0,63.0,12.6,2,3.34,2.72,0.001514,0.001383,1,1.0311,10.72,13.21,7.97,75.4,8822.1,主流評分排前 2%（未完全達 A 級條件）
2360,致茂,A 主流形成中,89.57,98.0,99.5,95.5,91.9,92.1,82.5,56.2,82.5,28,73,39.0,39.0,8.4,16,2.16,2.56,0.048187,0.046996,1,4.1555,12.41,7.62,2.38,2400.0,12562.6,主流評分排前 2%（全市場 PR） | 近 5 日名次推進速度 +8.4 > 0（資金推升中） | 近 20 日上榜 16 天（持續被關注） | 相對強弱轉強 + 週線 20 均向上（中長期多頭）
2327,國巨*,A 主流形成中,88.65,97.8,96.6,88.0,97.0,89.1,81.2,63.5,90.3,1,100,14.0,14.0,1.7,20,2.03,2.01,0.01299,0.012023,1,8.0901,18.07,9.85,4.61,647.0,60031.2,主流評分排前 2%（全市場 PR） | 近 5 日名次推進速度 +1.7 > 0（資金推升中） | 近 20 日上榜 20 天（持續被關注） | 相對強弱轉強 + 週線 20 均向上（中長期多頭）
3532,台勝科,A 主流形成中,88.5,97.6,98.4,91.5,90.4,76.6,72.4,86.3,93.7,58,43,34.0,34.0,4.8,13,1.49,0.79,0.0103,0.009351,1,11.9898,8.92,27.3,22.05,513.0,5254.8,主流評分排前 2%（全市場 PR） | 近 5 日名次推進速度 +4.8 > 0（資金推升中） | 近 20 日上榜 13 天（持續被關注） | 相對強弱轉強 + 週線 20 均向上（中長期多頭）
1815,富喬,A 主流形成中,88.35,97.4,96.6,99.5,93.0,87.7,87.7,55.6,57.3,20,81,14.0,14.0,19.1,18,2.65,1.89,0.00266,0.002552,1,1.0485,14.22,7.42,2.18,132.5,13925.8,主流評分排前 3%（全市場 PR） | 近 5 日名次推進速度 +19.1 > 0（資金推升中） | 近 20 日上榜 18 天（持續被關注） | 相對強弱轉強 + 週線 20 均向上（中長期多頭）
5536,聖暉*,B 觀察中,88.03,97.2,95.8,88.9,80.3,93.5,89.1,78.4,69.8,89,12,18.0,12.0,2.4,2,2.77,2.86,0.020981,0.018825,1,1.8694,13.71,19.57,14.32,1045.0,2943.1,主流評分排前 3%（未完全達 A 級條件）
3707,漢磊,A 主流形成中,87.71,97.0,96.6,89.5,83.1,91.3,94.6,95.4,9.7,87,14,39.0,14.0,2.8,3,4.31,2.43,0.001805,0.001464,1,0.097,18.76,46.9,41.65,89.9,3121.9,主流評分排前 3%（全市場 PR） | 近 5 日名次推進速度 +2.8 > 0（資金推升中） | 近 20 日上榜 3 天（持續被關注） | 相對強弱轉強 + 週線 20 均向上（中長期多頭）
6488,環球晶,A 主流形成中,87.65,96.8,93.9,87.6,97.0,78.2,71.4,84.5,95.4,14,87,3.0,3.0,1.5,20,1.46,0.86,0.024394,0.020973,1,18.1473,17.39,25.13,19.89,1215.0,17402.8,主流評分排前 3%（全市場 PR） | 近 5 日名次推進速度 +1.5 > 0（資金推升中） | 近 20 日上榜 20 天（持續被關注） | 相對強弱轉強 + 週線 20 均向上（中長期多頭）
3081,聯亞,C 過熱或排除,87.42,96.6,98.2,97.2,97.0,83.9,80.8,33.5,97.0,12,89,31.0,31.0,11.8,20,1.96,1.51,0.063044,0.05912,0,24.1947,16.51,2.28,-2.96,3140.0,17959.0,相對強弱未轉強（弱於大盤）
3105,穩懋,A 主流形成中,85.04,96.4,94.3,89.7,97.0,67.1,63.5,88.7,73.8,22,79,4.0,4.0,3.1,20,1.17,0.31,0.011806,0.010591,1,2.4443,8.49,30.52,25.28,588.0,13335.6,主流評分排前 4%（全市場 PR） | 近 5 日名次推進速度 +3.1 > 0（資金推升中） | 近 20 日上榜 20 天（持續被關注） | 相對強弱轉強 + 週線 20 均向上（中長期多頭）
4958,臻鼎-KY,A 主流形成中,84.96,96.2,93.9,90.8,97.0,69.0,63.7,77.4,85.9,9,92,3.0,3.0,4.3,20,1.18,0.39,0.011946,0.010643,1,4.9728,17.36,18.76,13.52,595.0,20982.7,主流評分排前 4%（全市場 PR） | 近 5 日名次推進速度 +4.3 > 0（資金推升中） | 近 20 日上榜 20 天（持續被關注） | 相對強弱轉強 + 週線 20 均向上（中長期多頭）
5274,信驊,C 過熱或排除,84.34,96.0,99.5,99.5,90.7,84.7,77.8,5.0,99.5,39,62,37.0,37.0,14.9,14,1.73,1.58,0.35638,0.398215,0,177.0018,-5.33,-7.62,-12.86,17750.0,8720.8,相對強弱未轉強（弱於大盤）
2376,技嘉,C 過熱或排除,83.98,95.8,97.9,96.4,85.1,85.9,81.0,25.4,78.6,59,42,28.0,28.0,9.8,5,2.03,1.73,0.007338,0.007579,0,3.1891,1.95,0.27,-4.97,365.5,5191.1,相對強弱未轉強（弱於大盤）
6505,台塑化,A 主流形成中,83.83,95.6,95.5,91.9,85.9,63.9,64.5,90.7,71.8,79,22,11.0,11.0,5.5,7,1.2,0.23,0.002148,0.001888,1,2.1631,9.97,34.25,29.01,107.0,3591.9,主流評分排前 4%（全市場 PR） | 近 5 日名次推進速度 +5.5 > 0（資金推升中） | 近 20 日上榜 7 天（持續被關注） | 相對強弱轉強 + 週線 20 均向上（中長期多頭）
3653,健策,A 主流形成中,83.66,95.4,97.1,93.8,97.0,52.2,53.6,79.0,99.5,49,52,23.0,23.0,6.9,20,0.96,-0.08,0.136629,0.129597,1,133.1914,0.07,20.34,15.1,6805.0,6950.6,主流評分排前 5%（全市場 PR） | 近 5 日名次推進速度 +6.9 > 0（資金推升中） | 近 20 日上榜 20 天（持續被關注） | 相對強弱轉強 + 週線 20 均向上（中長期多頭）
1326,台化,B 觀察中,81.95,95.2,98.6,93.3,80.3,76.4,75.6,45.8,60.1,66,35,45.0,35.0,6.5,2,1.63,0.78,0.001522,0.001454,1,1.1965,8.75,5.42,0.18,75.8,4652.7,主流評分排前 5%（未完全達 A 級條件）
3008,大立光,C 過熱或排除,81.0,95.0,94.3,93.7,97.0,63.7,60.3,35.7,99.5,17,84,4.0,4.0,6.7,20,1.09,0.22,0.137432,0.134119,0,171.3647,15.14,2.78,-2.46,6845.0,14719.1,相對強弱未轉強（弱於大盤）
3450,聯鈞,C 過熱或排除,78.86,94.8,97.6,94.1,89.5,70.0,68.1,4.6,88.7,53,48,26.0,26.0,7.0,12,1.31,0.43,0.010742,0.011051,0,6.9119,2.29,-8.55,-13.79,535.0,6482.4,相對強弱未轉強（弱於大盤）
3324,雙鴻,A 主流形成中,78.23,94.6,96.1,87.1,91.2,53.2,53.0,49.4,97.8,72,29,13.0,13.0,0.7,15,0.96,-0.05,0.030619,0.031015,1,26.469,-0.33,5.9,0.66,1525.0,4149.4,主流評分排前 5%（全市場 PR） | 近 5 日名次推進速度 +0.7 > 0（資金推升中） | 近 20 日上榜 15 天（持續被關注） | 相對強弱轉強 + 週線 20 均向上（中長期多頭）
3026,禾伸堂,B 觀察中,71.59,94.4,99.5,3.6,97.0,82.5,81.3,60.7,97.2,26,75,40.0,40.0,-2.0,20,2.04,1.36,0.016845,0.01651,1,24.3977,6.07,8.82,3.58,839.0,13041.2,主流評分排前 6%（未完全達 A 級條件）
6274,台燿,A 主流形成中,70.75,94.2,9.4,97.7,97.0,86.1,81.7,85.1,93.8,8,93,-2.0,-2.0,12.4,20,2.09,1.76,0.034534,0.031043,1,12.85,13.16,25.55,20.31,1720.0,21020.5,主流評分排前 6%（全市場 PR） | 近 5 日名次推進速度 +12.4 > 0（資金推升中） | 近 20 日上榜 20 天（持續被關注） | 相對強弱轉強 + 週線 20 均向上（中長期多頭）
3443,創意,A 主流形成中,68.28,94.0,9.4,99.5,93.6,73.6,65.7,94.0,99.5,21,80,-2.0,-2.0,18.0,19,1.23,0.54,0.169858,0.153686,1,158.7603,5.22,42.54,37.3,8460.0,13339.7,主流評分排前 6%（全市場 PR） | 近 5 日名次推進速度 +18.0 > 0（資金推升中） | 近 20 日上榜 19 天（持續被關注） | 相對強弱轉強 + 週線 20 均向上（中長期多頭）
6526,達發,B 觀察中,67.8,93.8,51.7,45.4,80.3,82.1,89.7,80.8,87.7,131,0,145.0,0.0,0.0,2,2.89,1.32,0.015781,0.015426,1,6.1965,-6.43,22.05,16.81,786.0,1801.5,主流評分排前 6%（未完全達 A 級條件）
2408,南亞科,C 過熱或排除,67.75,93.7,95.2,92.9,97.0,8.1,27.4,21.8,93.5,10,91,10.0,10.0,6.3,20,0.56,-0.88,0.01032,0.010694,0,11.8275,-0.96,-0.58,-5.82,514.0,19743.7,相對強弱未轉強（弱於大盤）
3189,景碩,B 觀察中,66.97,93.5,95.5,4.2,97.0,54.8,55.2,91.3,96.8,18,83,11.0,11.0,-1.2,20,0.99,-0.01,0.022086,0.01905,1,24.0136,13.4,35.3,30.06,1100.0,14550.3,主流評分排前 6%（未完全達 A 級條件）
6213,聯茂,C 過熱或排除,66.96,93.3,3.6,93.5,97.0,75.4,70.8,96.4,95.8,27,74,-18.0,-18.0,6.6,20,1.43,0.69,0.015982,0.012331,1,18.8644,27.77,55.17,49.93,796.0,12696.8,近 5 日漲幅 27.8% > 25% — 漲過頭
1709,和益,A 主流形成中,66.84,93.1,2.7,90.5,83.1,88.7,92.3,97.6,66.3,96,5,-26.0,-26.0,4.1,3,3.59,1.98,0.001209,0.000948,1,1.6278,24.38,76.02,70.78,60.2,2735.6,主流評分排前 7%（全市場 PR） | 近 5 日名次推進速度 +4.1 > 0（資金推升中） | 近 20 日上榜 3 天（持續被關注） | 相對強弱轉強 + 週線 20 均向上（中長期多頭）
2466,冠西電,C 過熱或排除,66.37,92.9,51.7,45.4,37.5,99.5,98.6,98.0,82.9,129,0,42.0,0.0,0.0,0,7.6,5.8,0.003624,0.002512,1,4.2382,44.98,79.6,74.36,180.5,1841.9,近 5 日漲幅 45.0% > 25% — 漲過頭 | 量能爆衝（Z=5.8）但近 20 日僅上榜 0 天 — 缺乏持續性
2383,台光電,A 主流形成中,66.25,92.7,7.0,98.6,97.0,81.2,72.2,59.1,98.0,13,88,-6.0,-6.0,13.5,20,1.48,1.14,0.119463,0.109352,1,27.0226,20.57,8.28,3.04,5950.0,17664.8,主流評分排前 7%（全市場 PR） | 近 5 日名次推進速度 +13.5 > 0（資金推升中） | 近 20 日上榜 20 天（持續被關注） | 相對強弱轉強 + 週線 20 均向上（中長期多頭）
5483,中美晶,B 觀察中,66.17,92.5,97.1,1.6,87.3,66.1,65.5,81.0,78.4,51,50,23.0,23.0,-5.1,9,1.23,0.29,0.004497,0.004051,1,3.184,7.95,22.07,16.83,224.0,6676.1,主流評分排前 8%（未完全達 A 級條件）
2455,全新,A 主流形成中,65.67,92.3,7.4,99.5,85.9,77.4,80.0,67.9,92.7,40,61,-5.0,-5.0,18.8,7,1.85,0.83,0.011223,0.011488,1,10.125,1.27,11.8,6.56,559.0,8593.1,主流評分排前 8%（全市場 PR） | 近 5 日名次推進速度 +18.8 > 0（資金推升中） | 近 20 日上榜 7 天（持續被關注） | 相對強弱轉強 + 週線 20 均向上（中長期多頭）
6770,力積電,C 過熱或排除,65.59,92.1,94.7,86.4,97.0,18.7,27.0,22.6,46.2,50,51,7.0,7.0,0.3,20,0.56,-0.68,0.001458,0.001527,0,0.6834,-3.59,-0.41,-5.65,72.6,6724.3,相對強弱未轉強（弱於大盤）
6182,合晶,B 觀察中,65.29,91.9,93.4,2.2,91.9,62.7,62.9,79.8,81.3,36,65,1.0,1.0,-3.9,16,1.16,0.18,0.00271,0.002481,1,3.561,1.5,21.08,15.84,135.0,9542.1,主流評分排前 8%（未完全達 A 級條件）
8021,尖點,A 主流形成中,65.08,91.7,4.9,95.5,87.3,78.6,77.0,79.2,85.3,70,31,-12.0,-12.0,8.4,9,1.7,0.87,0.011163,0.010045,1,4.857,14.4,20.35,15.11,556.0,4243.5,主流評分排前 8%（全市場 PR） | 近 5 日名次推進速度 +8.4 > 0（資金推升中） | 近 20 日上榜 9 天（持續被關注） | 相對強弱轉強 + 週線 20 均向上（中長期多頭）
2305,全友,B 觀察中,65.06,91.5,51.7,45.4,76.5,71.0,75.4,97.8,72.0,223,0,-91.0,0.0,0.0,1,1.63,0.45,0.001183,0.001133,1,2.1645,-14.26,76.35,71.11,58.9,763.5,主流評分排前 8%（未完全達 A 級條件）
6944,兆聯實業,C 過熱或排除,64.67,91.3,51.7,45.4,37.5,97.6,95.6,85.9,84.7,141,0,167.0,0.0,0.0,0,4.5,4.57,0.018231,0.015648,1,4.6044,17.16,26.29,21.05,908.0,1668.1,量能爆衝（Z=4.6）但近 20 日僅上榜 0 天 — 缺乏持續性
6716,應廣,C 過熱或排除,64.64,91.1,51.7,45.4,37.5,99.5,99.5,87.7,67.3,211,0,46.0,0.0,0.0,0,9.37,5.62,0.003082,0.002551,1,1.7036,34.65,30.08,24.84,153.5,847.0,近 5 日漲幅 34.6% > 25% — 漲過頭 | 量能爆衝（Z=5.6）但近 20 日僅上榜 0 天 — 缺乏持續性
2254,2254,C 過熱或排除,64.6,90.9,51.7,45.4,37.5,97.0,98.8,95.0,60.5,270,0,28.0,0.0,0.0,0,7.71,4.27,0.001835,0.001706,1,1.229,-1.3,46.47,41.23,91.4,532.7,量能爆衝（Z=4.3）但近 20 日僅上榜 0 天 — 缺乏持續性
6834,天二科技,C 過熱或排除,64.59,90.7,51.7,45.4,37.5,96.6,93.8,90.3,81.0,110,0,189.0,0.0,0.0,0,4.19,4.01,0.00251,0.002271,1,3.5089,18.66,33.34,28.1,125.0,2305.0,量能爆衝（Z=4.0）但近 20 日僅上榜 0 天 — 缺乏持續性
8046,南電,B 觀察中,64.24,90.5,93.7,3.0,97.0,44.4,48.6,93.3,96.4,25,76,2.0,2.0,-2.6,20,0.87,-0.26,0.029715,0.025518,1,22.4021,10.45,40.95,35.71,1480.0,13174.0,主流評分排前 10%（未完全達 A 級條件）
6197,佳必琪,B 觀察中,64.21,90.3,3.9,88.0,76.5,89.5,84.5,79.4,87.1,151,0,-67.0,-17.0,1.7,1,2.48,2.03,0.007449,0.006703,1,5.8352,13.8,20.45,15.21,371.0,1521.5,主流評分排前 10%（未完全達 A 級條件）
3406,玉晶光,A 主流形成中,64.11,90.1,4.5,95.0,91.2,76.2,76.8,63.9,96.2,52,49,-13.0,-13.0,7.9,15,1.7,0.78,0.021784,0.020617,1,21.9195,21.91,9.93,4.69,1085.0,6523.7,主流評分排前 10%（全市場 PR） | 近 5 日名次推進速度 +7.9 > 0（資金推升中） | 近 20 日上榜 15 天（持續被關注） | 相對強弱轉強 + 週線 20 均向上（中長期多頭）
7876,7876,C 過熱或排除,64.01,89.8,51.7,45.4,37.5,91.7,96.4,99.5,60.7,494,0,-90.0,0.0,0.0,0,5.2,2.47,0.001725,0.00117,1,1.233,58.78,127.85,122.61,85.9,160.8,近 5 日漲幅 58.8% > 25% — 漲過頭
6957,裕慶-KY,B 觀察中,64.01,89.8,51.7,45.4,37.5,85.1,91.5,98.6,92.1,374,0,-44.0,0.0,0.0,0,3.35,1.65,0.008915,0.006386,1,9.7249,19.68,100.9,95.66,444.0,287.6,主流評分排前 10%（未完全達 A 級條件）
7792,安葆,B 觀察中,63.89,89.5,51.7,45.4,37.5,91.5,94.8,87.3,86.5,212,0,152.0,0.0,0.0,0,4.32,2.43,0.008162,0.007767,1,5.3234,-4.13,29.25,24.01,406.5,839.4,主流評分排前 10%（未完全達 A 級條件）
2241,艾姆勒,C 過熱或排除,63.88,89.3,51.7,45.4,37.5,98.0,99.5,96.2,39.5,266,0,126.0,0.0,0.0,0,8.88,4.76,0.001044,0.000833,1,0.539,12.68,51.38,46.14,52.0,541.6,量能爆衝（Z=4.8）但近 20 日僅上榜 0 天 — 缺乏持續性
6199,天品,B 觀察中,63.31,89.1,51.7,45.4,37.5,90.7,93.3,94.6,65.7,203,0,25.0,0.0,0.0,0,3.72,2.18,0.002801,0.002424,1,1.581,9.41,45.01,39.77,139.5,910.8,主流評分排前 11%（未完全達 A 級條件）
5432,新門,C 過熱或排除,63.25,88.9,51.7,45.4,37.5,98.4,99.5,77.2,63.7,396,0,24.0,0.0,0.0,0,8.11,4.92,0.003915,0.003378,1,1.4363,21.88,18.54,13.3,195.0,256.7,量能爆衝（Z=4.9）但近 20 日僅上榜 0 天 — 缺乏持續性
6811,宏碁資訊,B 觀察中,63.1,88.7,51.7,45.4,37.5,93.7,95.0,81.2,76.0,351,0,259.0,0.0,0.0,0,4.32,2.88,0.005481,0.005137,1,2.8026,13.51,22.15,16.91,273.0,333.3,主流評分排前 11%（未完全達 A 級條件）
6174,安碁,C 過熱或排除,62.97,88.5,51.7,45.4,37.5,98.8,97.0,86.7,42.9,349,0,140.0,0.0,0.0,0,5.8,5.18,0.001169,0.000978,1,0.5923,27.91,28.19,22.95,58.2,342.5,近 5 日漲幅 27.9% > 25% — 漲過頭 | 量能爆衝（Z=5.2）但近 20 日僅上榜 0 天 — 缺乏持續性
7729,7729,B 觀察中,62.81,88.3,51.7,45.4,37.5,81.0,87.1,99.5,87.5,334,0,-10.0,0.0,0.0,0,2.6,1.14,0.003955,0.003479,1,6.172,0.51,156.51,151.27,197.0,377.7,主流評分排前 12%（未完全達 A 級條件）
3311,閎暉,B 觀察中,62.8,88.1,51.7,45.4,37.5,90.9,97.6,95.8,43.8,388,0,60.0,0.0,0.0,0,6.27,2.29,0.000951,0.000823,1,0.6052,15.35,49.13,43.89,47.35,266.2,主流評分排前 12%（未完全達 A 級條件）
3147,大綜,B 觀察中,62.65,87.9,51.7,45.4,37.5,86.7,88.1,90.1,83.9,281,0,-95.0,0.0,0.0,0,2.68,1.79,0.005923,0.00512,1,4.3992,21.15,33.18,27.94,295.0,497.6,主流評分排前 12%（未完全達 A 級條件）
7754,7754,B 觀察中,62.5,87.7,51.7,45.4,37.5,92.5,94.2,90.9,49.6,532,0,146.0,0.0,0.0,0,4.24,2.6,0.001707,0.001463,1,0.776,18.06,34.28,29.04,85.0,132.2,主流評分排前 12%（未完全達 A 級條件）
8111,立碁,B 觀察中,62.47,87.5,2.7,89.1,80.3,81.9,82.9,86.5,54.2,119,0,-44.0,-26.0,2.6,2,2.22,1.22,0.001887,0.001636,1,0.8881,18.54,27.89,22.65,94.0,2118.2,主流評分排前 12%（未完全達 A 級條件）
6152,百一,C 過熱或排除,62.46,87.3,51.7,45.4,37.5,99.5,99.5,95.2,8.5,296,0,259.0,0.0,0.0,0,15.77,6.76,0.000398,0.000328,1,0.0885,29.41,46.67,41.43,19.8,446.2,近 5 日漲幅 29.4% > 25% — 漲過頭 | 量能爆衝（Z=6.8）但近 20 日僅上榜 0 天 — 缺乏持續性
6820,6820,B 觀察中,62.36,87.1,51.7,45.4,37.5,89.7,89.3,80.6,85.7,566,0,143.0,0.0,0.0,0,2.8,2.03,0.008272,0.007469,1,4.9275,15.08,21.89,16.65,412.0,114.4,主流評分排前 13%（未完全達 A 級條件）
5285,界霖,C 過熱或排除,62.35,86.9,51.7,45.4,37.5,99.5,99.5,67.1,62.7,172,0,217.0,0.0,0.0,0,8.7,6.29,0.001964,0.0019,1,1.4111,8.55,11.52,6.28,97.8,1226.3,量能爆衝（Z=6.3）但近 20 日僅上榜 0 天 — 缺乏持續性
6610,6610,B 觀察中,62.3,86.7,51.7,45.4,37.5,91.9,94.4,87.1,54.6,453,0,-63.0,0.0,0.0,0,4.31,2.56,0.001048,0.000924,1,0.8975,16.13,28.73,23.49,52.2,206.3,主流評分排前 13%（未完全達 A 級條件）
3236,千如,C 過熱或排除,62.29,86.5,51.7,45.4,37.5,97.8,98.0,81.7,40.1,165,0,172.0,0.0,0.0,0,6.76,4.57,0.001128,0.000963,1,0.5551,27.29,22.31,17.07,56.2,1307.0,近 5 日漲幅 27.3% > 25% — 漲過頭 | 量能爆衝（Z=4.6）但近 20 日僅上榜 0 天 — 缺乏持續性
6226,光鼎,B 觀察中,62.25,86.2,51.7,45.4,80.3,61.5,66.1,90.5,66.5,226,0,-46.0,0.0,0.0,2,1.23,0.15,0.000872,0.00085,1,1.6305,-3.66,34.1,28.86,43.45,742.4,主流評分排前 14%（未完全達 A 級條件）
3264,欣銓,A 主流形成中,62.25,86.2,8.4,91.2,89.5,74.2,73.6,65.1,69.6,81,20,-3.0,-3.0,4.5,12,1.54,0.59,0.005019,0.005133,1,1.8477,2.67,10.13,4.89,250.0,3522.5,主流評分排前 14%（全市場 PR） | 近 5 日名次推進速度 +4.5 > 0（資金推升中） | 近 20 日上榜 12 天（持續被關注） | 相對強弱轉強 + 週線 20 均向上（中長期多頭）
6538,倉和,C 過熱或排除,62.22,85.9,51.7,45.4,37.5,94.8,95.2,60.9,94.8,101,0,204.0,0.0,0.0,0,4.34,3.55,0.006666,0.007725,1,14.2546,-6.74,8.85,3.61,332.0,2580.3,量能爆衝（Z=3.5）但近 20 日僅上榜 0 天 — 缺乏持續性
8028,昇陽半導體,B 觀察中,62.15,85.7,51.7,45.4,80.3,74.0,73.8,72.4,47.6,118,0,77.0,0.0,0.0,2,1.54,0.57,0.005722,0.005394,1,0.7314,0.88,14.23,8.99,285.0,2126.7,主流評分排前 14%（未完全達 A 級條件）
2340,台亞,C 過熱或排除,62.06,85.5,51.7,45.4,37.5,95.2,98.4,94.8,16.3,114,0,-11.0,0.0,0.0,0,7.59,3.65,0.000967,0.000778,1,0.1775,18.01,45.03,39.79,48.15,2165.5,量能爆衝（Z=3.7）但近 20 日僅上榜 0 天 — 缺乏持續性
4174,浩鼎,C 過熱或排除,61.91,85.3,51.7,45.4,37.5,90.5,95.4,99.5,24.2,555,0,-86.0,0.0,0.0,0,4.48,2.09,0.001046,0.000701,1,0.2765,32.91,108.82,103.58,52.1,120.9,近 5 日漲幅 32.9% > 25% — 漲過頭
3675,德微,B 觀察中,61.67,85.1,51.7,45.4,37.5,84.1,84.1,87.5,85.1,210,0,65.0,0.0,0.0,0,2.29,1.53,0.007218,0.006475,1,4.7491,8.94,29.3,24.06,359.5,847.1,主流評分排前 15%（未完全達 A 級條件）
2316,楠梓電,C 過熱或排除,61.49,84.9,51.7,45.4,37.5,95.4,89.9,69.8,71.4,179,0,67.0,0.0,0.0,0,3.0,3.69,0.003594,0.003409,1,2.0905,7.83,12.58,7.34,179.0,1137.3,量能爆衝（Z=3.7）但近 20 日僅上榜 0 天 — 缺乏持續性
1569,濱川,B 觀察中,61.41,84.7,51.7,45.4,37.5,86.9,93.7,94.4,38.7,293,0,-31.0,0.0,0.0,0,4.14,1.83,0.00145,0.001233,1,0.5185,15.34,43.82,38.58,72.2,455.8,主流評分排前 15%（未完全達 A 級條件）
3219,倚強科,B 觀察中,61.38,84.5,51.7,45.4,37.5,80.8,88.3,92.7,70.8,415,0,7.0,0.0,0.0,0,2.68,1.02,0.00261,0.002215,1,1.9571,-1.14,39.34,34.1,130.0,241.7,主流評分排前 16%（未完全達 A 級條件）
4760,勤凱,C 過熱或排除,61.33,84.3,51.7,45.4,37.5,94.0,96.0,81.9,35.9,234,0,-64.0,0.0,0.0,0,4.69,3.19,0.006706,0.005843,1,0.4457,27.24,22.57,17.33,334.0,700.6,近 5 日漲幅 27.2% > 25% — 漲過頭 | 量能爆衝（Z=3.2）但近 20 日僅上榜 0 天 — 缺乏持續性
1714,和桐,C 過熱或排除,61.18,84.1,51.7,45.4,37.5,96.8,96.6,78.2,30.8,137,0,-17.0,0.0,0.0,0,5.49,4.16,0.000395,0.000345,1,0.3709,19.09,19.45,14.21,19.65,1759.2,量能爆衝（Z=4.2）但近 20 日僅上榜 0 天 — 缺乏持續性
6667,信紘科,C 過熱或排除,61.12,83.9,51.7,45.4,37.5,97.4,97.8,61.7,58.3,272,0,362.0,0.0,0.0,0,6.38,4.47,0.005592,0.005367,1,1.111,6.3,9.22,3.98,278.5,519.2,量能爆衝（Z=4.5）但近 20 日僅上榜 0 天 — 缺乏持續性
6218,豪勉,B 觀察中,61.07,83.7,51.7,45.4,37.5,81.3,90.7,92.1,59.1,304,0,67.0,0.0,0.0,0,3.16,1.17,0.001221,0.001191,1,1.1355,-1.78,36.48,31.24,60.8,431.0,主流評分排前 16%（未完全達 A 級條件）
6715,嘉基,B 觀察中,61.05,83.5,51.7,45.4,37.5,84.9,86.7,94.2,51.6,158,0,20.0,0.0,0.0,0,2.56,1.64,0.009738,0.008742,1,0.8131,9.73,43.07,37.83,485.0,1448.0,主流評分排前 16%（未完全達 A 級條件）
8358,金居,A 主流形成中,60.94,83.3,5.5,93.1,89.5,73.4,71.0,52.6,83.3,32,69,-10.0,-10.0,6.4,12,1.43,0.53,0.011023,0.010737,1,4.2692,10.91,6.6,1.36,549.0,11527.7,主流評分排前 17%（全市場 PR） | 近 5 日名次推進速度 +6.4 > 0（資金推升中） | 近 20 日上榜 12 天（持續被關注） | 相對強弱轉強 + 週線 20 均向上（中長期多頭）
4551,智伸科,B 觀察中,60.91,83.1,51.7,45.4,37.5,93.1,91.7,67.7,67.7,216,0,69.0,0.0,0.0,0,3.44,2.74,0.003755,0.003506,1,1.7105,7.16,11.64,6.4,187.0,825.9,主流評分排前 17%（未完全達 A 級條件）
8098,8098,B 觀察中,60.82,82.9,51.7,45.4,37.5,75.0,81.5,93.8,87.9,649,0,-98.0,0.0,0.0,0,2.08,0.62,0.011585,0.009582,1,6.28,17.88,41.6,36.35,577.0,79.4,主流評分排前 17%（未完全達 A 級條件）
5425,台半,B 觀察中,60.65,82.7,51.7,45.4,76.5,68.3,67.3,71.2,61.7,143,0,-29.0,0.0,0.0,1,1.27,0.34,0.002098,0.001989,1,1.3319,8.85,13.1,7.85,104.5,1638.1,主流評分排前 17%（未完全達 A 級條件）
4707,磐亞,B 觀察中,60.33,82.5,51.7,45.4,37.5,92.3,90.5,73.4,49.4,324,0,-17.0,0.0,0.0,0,3.12,2.58,0.000655,0.000604,1,0.7753,7.41,15.19,9.95,32.6,391.7,主流評分排前 18%（未完全達 A 級條件）
2061,風青,B 觀察中,60.24,82.3,51.7,45.4,37.5,82.3,78.2,89.1,70.6,406,0,55.0,0.0,0.0,0,1.76,1.35,0.001373,0.001161,1,1.9487,14.38,30.78,25.54,68.4,245.5,主流評分排前 18%（未完全達 A 級條件）
3014,聯陽,B 觀察中,60.14,82.1,51.7,45.4,37.5,93.3,92.1,70.2,45.8,230,0,147.0,0.0,0.0,0,3.58,2.84,0.002992,0.002897,1,0.6737,5.3,12.88,7.64,149.0,722.3,主流評分排前 18%（未完全達 A 級條件）
4556,旭然,C 過熱或排除,59.76,81.9,51.7,45.4,37.5,70.8,76.0,98.8,80.4,517,0,-247.0,0.0,0.0,0,1.66,0.45,0.002911,0.002037,1,3.4121,42.86,105.67,100.43,145.0,140.9,近 5 日漲幅 42.9% > 25% — 漲過頭
3518,柏騰,B 觀察中,59.71,81.7,51.7,45.4,37.5,80.4,91.1,97.4,23.4,389,0,-212.0,0.0,0.0,0,3.31,0.98,0.00101,0.000745,1,0.2677,22.38,69.08,63.84,50.3,265.4,主流評分排前 18%（未完全達 A 級條件）
2449,京元電子,A 主流形成中,59.59,81.5,9.4,97.4,92.5,61.7,60.7,63.1,44.8,47,54,-2.0,-2.0,12.3,17,1.1,0.16,0.006013,0.006002,1,0.6383,1.7,9.71,4.47,299.5,7118.5,主流評分排前 18%（全市場 PR） | 近 5 日名次推進速度 +12.3 > 0（資金推升中） | 近 20 日上榜 17 天（持續被關注） | 相對強弱轉強 + 週線 20 均向上（中長期多頭）
6449,鈺邦,C 過熱或排除,59.58,81.3,51.7,45.4,37.5,99.5,97.4,70.8,4.0,120,0,39.0,0.0,0.0,0,5.96,5.31,0.00525,0.00463,1,0.0464,24.82,12.96,7.72,261.5,2111.5,量能爆衝（Z=5.3）但近 20 日僅上榜 0 天 — 缺乏持續性
5347,世界,A 主流形成中,59.4,81.2,1.8,94.6,87.9,65.5,62.3,80.4,55.2,76,25,-30.0,-30.0,7.3,10,1.14,0.27,0.003815,0.003591,1,0.9379,4.97,21.79,16.55,190.0,3827.4,主流評分排前 19%（全市場 PR） | 近 5 日名次推進速度 +7.3 > 0（資金推升中） | 近 20 日上榜 10 天（持續被關注） | 相對強弱轉強 + 週線 20 均向上（中長期多頭）
6548,長科*,C 過熱或排除,59.14,81.0,51.7,45.4,37.5,95.6,92.7,48.8,60.3,190,0,143.0,0.0,0.0,0,3.61,3.73,0.001564,0.001536,1,1.1998,7.89,5.84,0.6,77.9,1038.6,量能爆衝（Z=3.7）但近 20 日僅上榜 0 天 — 缺乏持續性
6155,鈞寶,B 觀察中,59.1,80.8,51.7,45.4,37.5,81.7,86.1,82.7,46.4,312,0,132.0,0.0,0.0,0,2.54,1.19,0.001436,0.001275,1,0.6875,12.95,22.85,17.61,71.5,416.6,主流評分排前 19%（未完全達 A 級條件）
6209,今國光,B 觀察中,58.97,80.6,51.7,45.4,37.5,87.1,85.9,73.2,47.2,140,0,-23.0,0.0,0.0,0,2.53,1.87,0.001825,0.0017,1,0.7187,11.26,14.92,9.68,90.9,1718.5,主流評分排前 19%（未完全達 A 級條件）
2413,環科,B 觀察中,58.88,80.4,51.7,45.4,37.5,83.3,92.5,78.8,32.5,233,0,-121.0,0.0,0.0,0,3.61,1.46,0.001167,0.001094,1,0.4021,13.04,20.17,14.93,58.1,713.9,主流評分排前 20%（未完全達 A 級條件）
1560,中砂,B 觀察中,58.85,80.2,51.7,45.4,83.1,41.1,41.5,92.9,95.6,198,0,11.0,0.0,0.0,3,0.75,-0.32,0.020479,0.018583,1,18.6631,5.92,39.73,34.49,1020.0,982.4,主流評分排前 20%（未完全達 A 級條件）
8042,金山電,C 過熱或排除,58.7,80.0,51.7,45.4,37.5,96.2,93.1,41.3,63.9,108,0,276.0,0.0,0.0,0,3.71,3.86,0.00253,0.002398,0,1.4363,13.0,4.6,-0.64,126.0,2334.3,量能爆衝（Z=3.9）但近 20 日僅上榜 0 天 — 缺乏持續性 | 相對強弱未轉強（弱於大盤）
4916,事欣科,B 觀察中,58.66,79.8,51.7,45.4,37.5,92.7,90.9,47.0,66.7,164,0,89.0,0.0,0.0,0,3.29,2.61,0.002058,0.002112,1,1.6601,-1.44,5.56,0.32,102.5,1320.1,主流評分排前 20%（未完全達 A 級條件）
3017,奇鋐,C 過熱或排除,58.62,79.6,7.8,91.2,97.0,61.9,58.9,37.7,98.4,29,72,-4.0,-4.0,4.5,20,1.07,0.16,0.071176,0.071591,0,48.2509,3.2,3.65,-1.59,3545.0,12461.2,相對強弱未轉強（弱於大盤）
4573,4573,B 觀察中,58.61,79.4,51.7,45.4,37.5,77.8,76.4,69.6,94.0,199,0,112.0,0.0,0.0,0,1.67,0.86,0.014576,0.013893,1,13.1975,4.76,12.56,7.32,726.0,972.0,主流評分排前 21%（未完全達 A 級條件）
6658,聯策,B 觀察中,58.6,79.2,51.7,45.4,37.5,85.3,88.9,73.6,38.3,446,0,-169.0,0.0,0.0,0,2.76,1.67,0.004066,0.003743,1,0.4983,12.19,15.38,10.14,202.5,211.0,主流評分排前 21%（未完全達 A 級條件）
6127,九豪,B 觀察中,58.55,79.0,51.7,45.4,37.5,87.3,90.1,75.8,24.6,232,0,163.0,0.0,0.0,0,3.06,1.87,0.001171,0.001071,1,0.281,12.77,17.42,12.18,58.3,714.5,主流評分排前 21%（未完全達 A 級條件）
6207,雷科,B 觀察中,58.32,78.8,51.7,1.4,84.3,77.6,80.4,89.3,77.4,135,0,-6.0,0.0,-5.9,4,1.89,0.84,0.002961,0.002623,1,3.0847,-2.32,31.11,25.87,147.5,1786.0,主流評分排前 21%（未完全達 A 級條件）
6168,宏齊,B 觀察中,58.23,78.6,51.7,45.4,37.5,71.6,79.6,93.5,51.0,286,0,-66.0,0.0,0.0,0,1.83,0.46,0.000832,0.000807,1,0.8095,-8.4,40.99,35.75,41.45,487.6,主流評分排前 21%（未完全達 A 級條件）
3265,台星科,B 觀察中,58.14,78.3,51.7,45.4,37.5,79.0,78.6,83.7,48.6,274,0,-108.0,0.0,0.0,0,1.76,0.9,0.004357,0.003757,1,0.7528,16.67,23.3,18.06,217.0,513.8,主流評分排前 22%（未完全達 A 級條件）
6668,中揚光,B 觀察中,58.14,78.3,51.7,45.4,37.5,78.8,83.9,82.3,41.3,402,0,-100.0,0.0,0.0,0,2.28,0.87,0.001008,0.000964,1,0.5715,6.7,22.74,17.5,50.2,251.2,主流評分排前 22%（未完全達 A 級條件）
6187,萬潤,B 觀察中,58.06,78.0,0.7,96.8,85.9,56.7,56.3,68.5,92.9,77,24,-41.0,-41.0,11.3,7,1.0,0.01,0.030819,0.027326,1,10.3832,17.18,12.04,6.8,1535.0,3654.4,主流評分排前 22%（未完全達 A 級條件）
2478,大毅,B 觀察中,57.99,77.8,51.7,45.4,37.5,87.5,87.5,49.6,70.4,128,0,230.0,0.0,0.0,0,2.62,1.88,0.0027,0.002563,1,1.9204,12.08,5.91,0.67,134.5,1866.1,主流評分排前 22%（未完全達 A 級條件）
6122,擎邦,B 觀察中,57.79,77.6,51.7,45.4,37.5,80.0,83.5,74.8,46.6,643,0,-166.0,0.0,0.0,0,2.24,0.93,0.001203,0.001156,1,0.6966,-0.99,16.31,11.07,59.9,80.4,主流評分排前 22%（未完全達 A 級條件）
7788,松川精密,C 過熱或排除,57.77,77.3,51.7,45.4,37.5,88.9,85.3,39.1,87.3,149,0,3.0,0.0,0.0,0,2.49,1.99,0.006606,0.006314,0,5.9685,11.9,3.95,-1.29,329.0,1554.4,相對強弱未轉強（弱於大盤）
2472,立隆電,B 觀察中,57.77,77.3,51.7,45.4,37.5,91.1,88.7,56.5,39.1,109,0,212.0,0.0,0.0,0,2.75,2.4,0.004889,0.004581,1,0.5287,14.05,7.74,2.5,243.5,2321.5,主流評分排前 23%（未完全達 A 級條件）
6669,緯穎,C 過熱或排除,57.75,76.9,3.9,99.5,93.6,71.4,70.2,2.8,96.6,41,60,-17.0,-17.0,18.0,19,1.37,0.46,0.044974,0.046178,0,23.1539,7.18,-10.04,-15.28,2240.0,8224.8,相對強弱未轉強（弱於大盤）
3717,聯嘉投控,B 觀察中,57.75,76.9,51.7,45.4,37.5,80.6,86.3,85.3,17.5,347,0,-162.0,0.0,0.0,0,2.54,1.0,0.000551,0.000516,1,0.1917,-0.9,25.63,20.39,27.45,353.7,主流評分排前 23%（未完全達 A 級條件）
3031,佰鴻,B 觀察中,57.72,76.6,51.7,45.4,37.5,79.6,85.1,91.7,9.5,508,0,-225.0,0.0,0.0,0,2.49,0.91,0.000673,0.00059,1,0.0962,8.77,36.18,30.94,33.5,150.4,主流評分排前 23%（未完全達 A 級條件）
00904,00904,C 過熱或排除,57.66,76.4,51.7,45.4,37.5,94.4,93.5,51.8,26.8,449,0,8.0,0.0,0.0,0,3.81,3.3,0.000894,0.000896,1,0.3102,2.58,6.4,1.16,44.55,208.9,量能爆衝（Z=3.3）但近 20 日僅上榜 0 天 — 缺乏持續性
3467,台灣精材,B 觀察中,57.49,76.1,51.7,45.4,37.5,70.4,79.8,93.7,38.9,788,0,281.0,0.0,0.0,0,1.84,0.44,0.00143,0.001481,1,0.5256,-3.39,40.99,35.75,71.2,44.5,主流評分排前 24%（未完全達 A 級條件）
2454,聯發科,C 過熱或排除,57.49,76.1,9.4,92.6,97.0,56.2,56.2,30.6,99.5,4,97,-2.0,-2.0,6.0,20,1.0,0.0,0.097076,0.101603,0,81.9231,-1.73,1.58,-3.66,4835.0,37206.0,相對強弱未轉強（弱於大盤）
6204,艾華,B 觀察中,57.38,75.8,51.7,45.4,37.5,72.8,72.6,82.9,65.3,766,0,22.0,0.0,0.0,0,1.49,0.5,0.002239,0.002103,1,1.5433,8.25,23.09,17.85,111.5,49.6,主流評分排前 24%（未完全達 A 級條件）
00662,00662,C 過熱或排除,57.26,75.6,51.7,45.4,37.5,94.6,87.3,50.2,33.5,181,0,136.0,0.0,0.0,0,2.6,3.34,0.002557,0.002571,1,0.4077,2.54,6.04,0.8,127.35,1096.7,量能爆衝（Z=3.3）但近 20 日僅上榜 0 天 — 缺乏持續性
3016,嘉晶,B 觀察中,57.25,75.4,51.7,45.4,85.5,41.9,25.0,98.4,75.8,222,0,-22.0,0.0,0.0,6,0.54,-0.31,0.003915,0.002934,1,2.7282,15.38,94.03,88.79,195.0,782.6,主流評分排前 25%（未完全達 A 級條件）
7610,7610,C 過熱或排除,57.21,75.2,51.7,45.4,80.3,72.6,69.8,3.6,98.6,134,0,55.0,0.0,0.0,2,1.37,0.5,0.03624,0.038705,0,53.7889,4.03,-9.75,-14.99,1805.0,1789.6,相對強弱未轉強（弱於大盤）
2030,彰源,B 觀察中,57.11,75.0,51.7,45.4,37.5,64.9,74.6,96.6,52.4,407,0,64.0,0.0,0.0,0,1.62,0.26,0.000738,0.000605,1,0.8354,0.14,60.83,55.59,36.75,244.4,主流評分排前 25%（未完全達 A 級條件）
2484,希華,B 觀察中,56.92,74.8,51.7,4.6,83.1,75.8,73.4,83.9,70.2,123,0,15.0,0.0,-0.8,3,1.52,0.72,0.001749,0.001561,1,1.9085,11.67,23.9,18.66,87.1,2046.0,主流評分排前 25%（未完全達 A 級條件）
6491,晶碩,B 觀察中,56.86,74.4,51.7,45.4,37.5,77.0,72.8,59.9,88.1,397,0,93.0,0.0,0.0,0,1.5,0.81,0.008262,0.008346,1,6.3113,-0.36,8.43,3.19,411.5,254.8,主流評分排前 26%（未完全達 A 級條件）
7799,禾榮科,B 觀察中,56.86,74.4,51.7,45.4,37.5,62.3,64.3,88.9,91.3,329,0,96.0,0.0,0.0,0,1.19,0.17,0.01036,0.010154,1,9.0925,-4.27,30.63,25.39,516.0,382.8,主流評分排前 26%（未完全達 A 級條件）
3543,州巧,B 觀察中,56.86,74.4,51.7,45.4,37.5,74.6,75.2,84.9,40.5,464,0,-160.0,0.0,0.0,0,1.63,0.61,0.001118,0.000982,1,0.5606,8.79,25.45,20.21,55.7,192.8,主流評分排前 26%（未完全達 A 級條件）
6239,力成,B 觀察中,56.81,74.0,2.0,95.2,90.4,53.8,54.2,63.3,78.0,67,34,-29.0,-29.0,8.2,13,0.98,-0.04,0.006174,0.00602,1,3.16,6.22,9.82,4.58,307.5,4536.8,主流評分排前 26%（未完全達 A 級條件）
4906,正文,B 觀察中,56.72,73.8,51.7,45.4,37.5,86.5,84.7,73.0,6.7,255,0,-44.0,0.0,0.0,0,2.49,1.78,0.000847,0.000808,1,0.0721,-0.24,14.67,9.43,42.2,608.8,主流評分排前 26%（未完全達 A 級條件）
6532,瑞耘,B 觀察中,56.69,73.5,51.7,45.4,37.5,78.4,82.7,77.6,25.4,491,0,125.0,0.0,0.0,0,2.18,0.87,0.002339,0.002163,1,0.2863,-1.69,18.88,13.64,116.5,163.4,主流評分排前 26%（未完全達 A 級條件）
6531,愛普*,C 過熱或排除,56.69,73.5,3.1,91.7,89.5,67.3,63.1,40.1,75.2,82,19,-21.0,-21.0,5.1,12,1.16,0.31,0.020078,0.020376,0,2.5427,7.87,4.17,-1.07,1000.0,3513.7,相對強弱未轉強（弱於大盤）
6902,GOGOLOOK,B 觀察中,56.67,73.2,51.7,45.4,37.5,73.0,82.1,62.9,71.6,652,0,127.0,0.0,0.0,0,2.09,0.52,0.002771,0.003013,1,2.1575,-13.21,9.52,4.28,138.0,75.7,主流評分排前 27%（未完全達 A 級條件）
00985A,00985A,C 過熱或排除,56.64,73.0,51.7,45.4,37.5,94.2,98.2,43.7,13.7,167,0,-16.0,0.0,0.0,0,7.3,3.22,0.000492,0.000491,0,0.1422,4.26,5.06,-0.18,24.5,1240.8,量能爆衝（Z=3.2）但近 20 日僅上榜 0 天 — 缺乏持續性 | 相對強弱未轉強（弱於大盤）
7853,7853,B 觀察中,56.53,72.8,51.7,45.4,37.5,65.1,65.3,88.3,75.6,400,0,-132.0,0.0,0.0,0,1.23,0.26,0.008423,0.007764,1,2.72,3.45,30.48,25.24,419.5,252.5,主流評分排前 27%（未完全達 A 級條件）
7856,7856,C 過熱或排除,56.46,72.6,51.7,45.4,76.5,69.4,70.6,5.6,98.8,117,0,39.0,0.0,0.0,1,1.39,0.41,0.087941,0.097133,0,59.4,3.06,-6.81,-12.05,4380.0,2131.5,相對強弱未轉強（弱於大盤）
6933,AMAX-KY,B 觀察中,56.42,72.4,51.7,45.4,37.5,62.1,64.9,83.3,93.1,299,0,17.0,0.0,0.0,0,1.21,0.17,0.00774,0.007287,1,10.6311,3.91,23.16,17.92,385.5,438.1,主流評分排前 28%（未完全達 A 級條件）
9933,中鼎,B 觀察中,56.29,72.2,51.7,45.4,37.5,79.8,83.3,68.7,30.0,364,0,-33.0,0.0,0.0,0,2.23,0.92,0.000874,0.000883,1,0.354,7.0,12.25,7.01,43.55,303.2,主流評分排前 28%（未完全達 A 級條件）
6426,統新,B 觀察中,56.27,72.0,51.7,45.4,37.5,66.9,67.1,75.6,86.9,205,0,-17.0,0.0,0.0,0,1.27,0.3,0.006977,0.007245,1,5.806,0.72,17.4,12.16,347.5,902.1,主流評分排前 28%（未完全達 A 級條件）
00996A,00996A,B 觀察中,56.09,71.8,51.7,45.4,37.5,89.3,86.5,61.9,4.4,439,0,-46.0,0.0,0.0,0,2.55,2.03,0.00031,0.000301,1,0.0494,6.56,9.28,4.04,15.43,219.0,主流評分排前 28%（未完全達 A 級條件）
1409,新纖,B 觀察中,56.05,71.6,51.7,45.4,37.5,83.7,85.5,55.4,35.3,193,0,174.0,0.0,0.0,0,2.51,1.5,0.000525,0.00052,1,0.4311,5.02,7.39,2.15,26.15,999.7,主流評分排前 28%（未完全達 A 級條件）
1708,東鹼,B 觀察中,56.03,71.4,51.7,45.4,37.5,75.6,71.6,72.8,52.2,385,0,-43.0,0.0,0.0,0,1.46,0.72,0.00115,0.001087,1,0.8269,6.51,14.6,9.36,57.3,273.1,主流評分排前 29%（未完全達 A 級條件）
4961,天鈺,B 觀察中,56.0,71.2,51.7,45.4,37.5,79.4,76.6,58.7,58.5,421,0,-2.0,0.0,0.0,0,1.68,0.91,0.003594,0.003789,1,1.1114,-1.1,8.16,2.92,179.0,236.4,主流評分排前 29%（未完全達 A 級條件）
00927,00927,B 觀察中,55.86,71.0,51.7,45.4,37.5,85.5,84.9,53.8,30.6,121,0,-12.0,0.0,0.0,0,2.49,1.7,0.000814,0.000818,1,0.3649,1.58,6.83,1.59,40.52,2091.7,主流評分排前 29%（未完全達 A 級條件）
2303,聯電,C 過熱或排除,55.72,70.8,8.4,94.4,97.0,49.0,51.6,38.3,76.6,6,95,-3.0,-3.0,7.1,20,0.93,-0.15,0.002982,0.003151,0,2.928,-3.88,3.85,-1.39,148.5,22076.4,相對強弱未轉強（弱於大盤）
6742,澤米,B 觀察中,55.71,70.6,51.7,45.4,37.5,66.3,68.7,91.5,42.5,724,0,-194.0,0.0,0.0,0,1.34,0.29,0.001203,0.001093,1,0.5862,6.39,35.52,30.28,59.9,56.7,主流評分排前 29%（未完全達 A 級條件）
3044,健鼎,B 觀察中,55.64,70.4,8.4,86.4,76.5,51.8,52.4,76.6,82.3,155,0,-57.0,-3.0,0.3,1,0.95,-0.08,0.011685,0.011037,1,4.072,10.86,18.05,12.81,582.0,1488.4,主流評分排前 30%（未完全達 A 級條件）
00400A,00400A,B 觀察中,55.62,70.2,51.7,45.4,37.5,89.9,79.2,59.3,13.1,183,0,50.0,0.0,0.0,0,1.82,2.04,0.000331,0.000323,1,0.1314,5.85,8.28,3.04,16.47,1081.1,主流評分排前 30%（未完全達 A 級條件）
2375,凱美,C 過熱或排除,55.61,70.0,51.7,45.4,37.5,87.9,85.7,32.5,59.3,144,0,264.0,0.0,0.0,0,2.52,1.9,0.0026,0.002544,0,1.1495,9.75,1.97,-3.27,129.5,1627.3,相對強弱未轉強（弱於大盤）
1809,中釉,B 觀察中,55.49,69.8,51.7,45.4,37.5,68.7,74.8,82.1,37.3,445,0,101.0,0.0,0.0,0,1.63,0.38,0.000934,0.00087,1,0.4647,-2.82,22.69,17.45,46.5,212.2,主流評分排前 30%（未完全達 A 級條件）
8261,富鼎,B 觀察中,55.48,69.6,3.4,88.4,80.3,66.7,65.1,46.6,75.0,170,0,-89.0,-20.0,2.0,2,1.21,0.29,0.003835,0.003722,1,2.5212,8.52,5.52,0.28,191.0,1231.1,主流評分排前 30%（未完全達 A 級條件）
6620,漢達,B 觀察中,55.38,69.4,51.7,45.4,37.5,67.5,70.4,66.3,79.2,331,0,-87.0,0.0,0.0,0,1.39,0.31,0.00251,0.002809,1,3.2102,-11.35,10.62,5.38,125.0,381.8,主流評分排前 31%（未完全達 A 級條件）
6196,帆宣,B 觀察中,55.34,69.2,51.7,45.4,37.5,57.5,56.9,87.9,91.9,206,0,-105.0,0.0,0.0,0,1.01,0.02,0.013452,0.011797,1,9.6857,14.53,30.35,25.11,670.0,876.8,主流評分排前 31%（未完全達 A 級條件）
1504,東元,C 過熱或排除,55.3,69.0,51.7,45.4,37.5,96.4,92.9,33.3,11.7,115,0,150.0,0.0,0.0,0,3.69,3.94,0.001472,0.001468,0,0.1199,6.08,2.23,-3.01,73.3,2155.4,量能爆衝（Z=3.9）但近 20 日僅上榜 0 天 — 缺乏持續性 | 相對強弱未轉強（弱於大盤）
00934,00934,C 過熱或排除,55.19,68.8,51.7,45.4,37.5,98.2,94.0,21.2,26.0,350,0,147.0,0.0,0.0,0,4.22,4.88,0.000604,0.000627,0,0.299,0.4,-0.66,-5.9,30.07,336.9,量能爆衝（Z=4.9）但近 20 日僅上榜 0 天 — 缺乏持續性 | 相對強弱未轉強（弱於大盤）
2483,百容,B 觀察中,55.16,68.7,51.7,45.4,37.5,70.6,73.2,76.0,40.3,601,0,-186.0,0.0,0.0,0,1.51,0.44,0.00078,0.000707,1,0.5605,8.67,17.55,12.31,38.85,95.3,主流評分排前 31%（未完全達 A 級條件）
3055,蔚華科,B 觀察中,55.12,68.5,51.7,45.4,76.5,38.7,18.3,97.0,86.1,381,0,188.0,0.0,0.0,1,0.48,-0.35,0.004477,0.003891,1,5.3044,6.44,65.8,60.56,223.0,274.7,主流評分排前 32%（未完全達 A 級條件）
2302,麗正,B 觀察中,55.11,68.3,51.7,45.4,37.5,72.2,69.4,67.3,59.5,372,0,1.0,0.0,0.0,0,1.36,0.49,0.00097,0.000934,1,1.1903,7.33,11.55,6.31,48.3,288.0,主流評分排前 32%（未完全達 A 級條件）
6693,廣閎科,B 觀察中,55.09,68.1,51.7,45.4,37.5,73.2,73.0,53.6,76.4,333,0,85.0,0.0,0.0,0,1.5,0.53,0.003955,0.004041,1,2.8499,-6.86,6.78,1.53,197.0,378.4,主流評分排前 32%（未完全達 A 級條件）
6691,洋基工程,B 觀察中,55.06,67.8,51.7,45.4,37.5,58.3,57.9,84.1,89.5,279,0,-73.0,0.0,0.0,0,1.02,0.04,0.01558,0.014006,1,7.3132,7.93,24.36,19.12,776.0,506.6,主流評分排前 32%（未完全達 A 級條件）
2033,佳大,C 過熱或排除,55.06,67.8,51.7,45.4,37.5,56.9,57.7,99.5,63.3,742,0,-83.0,0.0,0.0,0,1.02,0.02,0.001068,0.000768,1,1.4307,25.62,107.0,101.76,53.2,52.6,近 5 日漲幅 25.6% > 25% — 漲過頭
2882,國泰金,C 過熱或排除,54.94,67.5,51.7,45.4,80.3,64.3,60.9,17.5,68.3,103,0,10.0,0.0,0.0,2,1.1,0.24,0.002269,0.002346,0,1.7633,1.8,-1.31,-6.55,113.0,2475.2,相對強弱未轉強（弱於大盤）
2493,揚博,B 觀察中,54.61,67.3,51.7,45.4,37.5,62.5,61.5,74.6,79.8,236,0,11.0,0.0,0.0,0,1.13,0.18,0.004297,0.004012,1,3.3506,8.35,16.3,11.06,214.0,680.2,主流評分排前 33%（未完全達 A 級條件）
3234,光環,C 過熱或排除,54.49,67.1,51.7,45.4,37.5,88.1,84.3,10.5,83.1,166,0,173.0,0.0,0.0,0,2.44,1.94,0.003835,0.003784,0,4.2499,10.4,-4.26,-9.5,191.0,1262.1,相對強弱未轉強（弱於大盤）
00992A,00992A,B 觀察中,54.33,66.9,51.7,45.4,37.5,83.1,75.0,62.3,9.9,173,0,31.0,0.0,0.0,0,1.63,1.46,0.000404,0.00039,1,0.0974,7.01,9.4,4.16,20.14,1211.1,主流評分排前 33%（未完全達 A 級條件）
3693,營邦,B 觀察中,54.22,66.7,51.7,45.4,37.5,72.4,69.0,44.8,86.7,177,0,-50.0,0.0,0.0,0,1.35,0.5,0.014416,0.014572,1,5.7238,4.51,5.28,0.04,718.0,1151.6,主流評分排前 33%（未完全達 A 級條件）
00947,00947,B 觀察中,54.18,66.5,51.7,45.4,37.5,83.5,79.4,48.4,24.8,276,0,78.0,0.0,0.0,0,1.82,1.47,0.000819,0.000823,1,0.2815,0.77,5.79,0.55,40.77,512.5,主流評分排前 34%（未完全達 A 級條件）
6133,金橋,B 觀察中,54.17,66.3,51.7,45.4,37.5,69.2,76.2,72.0,26.6,565,0,-2.0,0.0,0.0,0,1.66,0.4,0.000541,0.000549,1,0.3096,-8.95,13.29,8.05,26.95,114.4,主流評分排前 34%（未完全達 A 級條件）
1605,華新,B 觀察中,54.03,66.1,51.7,45.4,37.5,84.5,82.3,44.6,20.4,127,0,134.0,0.0,0.0,0,2.1,1.58,0.000801,0.000791,1,0.2291,3.91,5.28,0.04,39.9,1889.0,主流評分排前 34%（未完全達 A 級條件）
9105,9105,C 過熱或排除,54.0,65.8,51.7,45.4,37.5,95.0,87.9,26.8,12.9,302,0,150.0,0.0,0.0,0,2.67,3.64,0.000178,0.000179,0,0.1308,4.22,0.45,-4.79,8.89,433.8,量能爆衝（Z=3.6）但近 20 日僅上榜 0 天 — 缺乏持續性 | 相對強弱未轉強（弱於大盤）
2342,茂矽,B 觀察中,54.0,65.8,51.7,45.4,37.5,62.9,67.9,85.7,31.5,382,0,-12.0,0.0,0.0,0,1.29,0.19,0.001006,0.000925,1,0.3902,-0.4,26.04,20.8,50.1,274.5,主流評分排前 34%（未完全達 A 級條件）
2428,興勤,C 過熱或排除,53.98,65.4,51.7,45.4,37.5,76.0,74.2,36.2,78.2,271,0,242.0,0.0,0.0,0,1.57,0.75,0.005361,0.005386,0,3.1643,6.16,2.89,-2.35,267.0,524.5,相對強弱未轉強（弱於大盤）
3673,TPK-KY,B 觀察中,53.98,65.4,51.7,45.4,37.5,67.7,69.6,74.2,36.3,243,0,-86.0,0.0,0.0,0,1.37,0.32,0.001532,0.001427,1,0.4498,1.06,15.96,10.72,76.3,647.4,主流評分排前 35%（未完全達 A 級條件）
0055,0055,C 過熱或排除,53.9,65.1,51.7,45.4,37.5,81.5,80.6,34.7,50.2,719,0,210.0,0.0,0.0,0,1.92,1.18,0.001,0.001043,0,0.7833,1.12,2.45,-2.79,49.82,57.2,相對強弱未轉強（弱於大盤）
2034,允強,B 觀察中,53.89,64.9,51.7,45.4,37.5,69.8,75.8,73.8,16.5,614,0,-31.0,0.0,0.0,0,1.64,0.42,0.000485,0.000464,1,0.1807,-2.62,15.55,10.31,24.15,91.4,主流評分排前 35%（未完全達 A 級條件）
3149,正達,B 觀察中,53.87,64.7,51.7,45.4,37.5,59.1,58.7,86.1,57.7,239,0,-23.0,0.0,0.0,0,1.07,0.09,0.001548,0.001401,1,1.0622,4.19,26.81,21.57,77.1,659.5,主流評分排前 35%（未完全達 A 級條件）
4542,科嶠,B 觀察中,53.6,64.5,51.7,45.4,37.5,56.3,56.5,75.4,86.3,413,0,-121.0,0.0,0.0,0,1.01,0.01,0.006766,0.006376,1,5.3075,-2.03,17.01,11.77,337.0,242.3,主流評分排前 36%（未完全達 A 級條件）
00830,00830,B 觀察中,53.56,64.3,51.7,45.4,37.5,72.0,66.3,66.9,36.1,213,0,45.0,0.0,0.0,0,1.24,0.48,0.001858,0.001803,1,0.4487,4.22,11.1,5.86,92.55,838.5,主流評分排前 36%（未完全達 A 級條件）
3090,日電貿,C 過熱或排除,53.55,64.1,51.7,45.4,37.5,78.0,79.0,30.2,66.1,105,0,173.0,0.0,0.0,0,1.76,0.86,0.003494,0.003492,0,1.6275,8.07,1.46,-3.78,174.0,2402.0,相對強弱未轉強（弱於大盤）
2371,大同,B 觀察中,53.46,63.9,51.7,45.4,37.5,80.2,77.2,60.5,0.7,273,0,55.0,0.0,0.0,0,1.7,0.95,0.000614,0.000614,1,0.0047,0.49,8.7,3.46,30.6,515.0,主流評分排前 36%（未完全達 A 級條件）
00962,00962,C 過熱或排除,53.37,63.7,51.7,45.4,37.5,90.3,91.9,24.4,11.3,520,0,64.0,0.0,0.0,0,3.54,2.06,0.000307,0.000316,0,0.1166,1.73,-0.2,-5.44,15.31,139.7,相對強弱未轉強（弱於大盤）
1609,大亞,C 過熱或排除,53.36,63.4,51.7,45.4,37.5,84.3,78.0,42.7,20.2,422,0,175.0,0.0,0.0,0,1.74,1.54,0.000783,0.0008,0,0.2269,0.65,4.84,-0.4,39.0,235.8,相對強弱未轉強（弱於大盤）
3374,精材,B 觀察中,53.36,63.4,0.7,98.4,89.5,40.9,43.8,49.0,93.3,73,28,-45.0,-45.0,12.9,12,0.78,-0.32,0.009979,0.009673,1,11.1597,9.35,5.86,0.62,497.0,4109.2,主流評分排前 37%（未完全達 A 級條件）
00998A,00998A,C 過熱或排除,53.34,63.1,51.7,45.4,37.5,98.6,97.2,7.9,7.9,269,0,413.0,0.0,0.0,0,5.88,5.17,0.000337,0.000357,0,0.0803,0.06,-5.24,-10.48,16.77,533.8,量能爆衝（Z=5.2）但近 20 日僅上榜 0 天 — 缺乏持續性 | 相對強弱未轉強（弱於大盤）
00646,00646,C 過熱或排除,53.3,62.9,51.7,45.4,37.5,88.3,83.7,31.2,18.7,275,0,235.0,0.0,0.0,0,2.27,1.95,0.001569,0.001616,0,0.214,1.3,1.69,-3.55,78.15,512.6,相對強弱未轉強（弱於大盤）
8043,蜜望實,C 過熱或排除,53.05,62.7,51.7,45.4,37.5,76.8,77.6,27.4,68.1,180,0,336.0,0.0,0.0,0,1.72,0.79,0.002911,0.002845,0,1.7378,11.11,0.69,-4.55,145.0,1136.5,相對強弱未轉強（弱於大盤）
2468,華經,B 觀察中,52.88,62.5,51.7,45.4,37.5,57.9,59.5,84.3,43.5,563,0,-234.0,0.0,0.0,0,1.08,0.03,0.00084,0.000882,1,0.601,-8.02,24.93,19.68,41.85,115.1,主流評分排前 38%（未完全達 A 級條件）
6432,今展科,B 觀察中,52.84,62.3,51.7,45.4,37.5,67.9,68.5,56.0,51.8,559,0,287.0,0.0,0.0,0,1.33,0.33,0.001329,0.001253,1,0.8132,4.25,7.47,2.23,66.2,118.2,主流評分排前 38%（未完全達 A 級條件）
6672,騰輝電子-KY,C 過熱或排除,52.75,62.1,51.7,0.7,84.3,51.0,50.6,97.2,92.3,156,0,2.0,0.0,-12.1,4,0.91,-0.09,0.010139,0.007215,1,9.755,36.86,68.61,63.37,505.0,1465.6,近 5 日漲幅 36.9% > 25% — 漲過頭
3357,臺慶科,B 觀察中,52.65,61.9,51.7,45.4,37.5,79.2,74.0,45.4,24.0,254,0,131.0,0.0,0.0,0,1.55,0.9,0.004517,0.004371,1,0.2736,10.02,5.39,0.15,225.0,616.1,主流評分排前 38%（未完全達 A 級條件）
3498,陽程,B 觀察中,52.6,61.7,51.7,45.4,37.5,50.2,50.8,81.3,84.5,300,0,-147.0,0.0,0.0,0,0.91,-0.11,0.004648,0.004316,1,4.5855,1.09,22.16,16.92,231.5,437.5,主流評分排前 38%（未完全達 A 級條件）
00984A,00984A,C 過熱或排除,52.59,61.5,51.7,45.4,37.5,82.7,83.1,38.9,6.9,450,0,16.0,0.0,0.0,0,2.22,1.38,0.000328,0.000328,0,0.0731,3.88,3.95,-1.29,16.32,207.0,相對強弱未轉強（弱於大盤）
8064,東捷,B 觀察中,52.58,61.3,51.7,45.4,80.3,38.1,31.0,66.7,61.1,287,0,-49.0,0.0,0.0,2,0.59,-0.36,0.002731,0.002772,1,1.2519,-6.53,11.02,5.78,136.0,472.2,主流評分排前 39%（未完全達 A 級條件）
2020,美亞,B 觀察中,52.54,61.1,51.7,45.4,37.5,64.1,77.4,70.0,11.1,782,0,-37.0,0.0,0.0,0,1.71,0.24,0.00049,0.000482,1,0.1082,-8.61,12.7,7.46,24.4,45.1,主流評分排前 39%（未完全達 A 級條件）
5314,世紀*,C 過熱或排除,52.52,60.9,51.7,45.4,76.5,64.5,71.8,0.7,42.3,240,0,10.0,0.0,0.0,1,1.46,0.26,0.000553,0.000675,0,0.5822,-4.51,-21.61,-26.85,27.55,657.4,相對強弱未轉強（弱於大盤）
6690,安碁資訊,B 觀察中,52.48,60.7,51.7,45.4,37.5,60.3,68.3,61.5,56.3,864,0,31.0,0.0,0.0,0,1.31,0.13,0.003574,0.003711,1,0.9702,0.56,9.2,3.96,178.0,33.3,主流評分排前 39%（未完全達 A 級條件）
3094,聯傑,B 觀察中,52.39,60.5,51.7,45.4,37.5,49.4,45.0,96.0,64.7,355,0,-182.0,0.0,0.0,0,0.8,-0.14,0.001355,0.001128,1,1.5025,9.58,50.67,45.43,67.5,321.8,主流評分排前 40%（未完全達 A 級條件）
2399,映泰,B 觀察中,52.27,60.3,51.7,45.4,37.5,73.8,71.2,53.2,22.4,323,0,38.0,0.0,0.0,0,1.44,0.57,0.001003,0.001007,1,0.2552,2.04,6.73,1.49,49.95,393.3,主流評分排前 40%（未完全達 A 級條件）
6290,良維,B 觀察中,52.26,60.1,51.7,45.4,37.5,74.8,69.2,47.2,35.1,174,0,-14.0,0.0,0.0,0,1.35,0.62,0.005712,0.005741,1,0.4305,1.61,5.57,0.33,284.5,1199.1,主流評分排前 40%（未完全達 A 級條件）
6175,立敦,C 過熱或排除,51.99,59.9,51.7,45.4,37.5,71.8,78.4,53.0,8.9,375,0,270.0,0.0,0.0,0,1.76,0.47,0.001546,0.001502,1,0.0898,9.38,6.65,1.41,77.0,285.6,主流評分未進入全市場前 40%
2481,強茂,C 過熱或排除,51.93,59.7,2.2,90.1,93.6,30.2,38.3,71.0,77.6,84,17,-28.0,-28.0,3.4,19,0.71,-0.5,0.003584,0.003511,1,3.105,3.78,12.97,7.73,178.5,3271.8,主流評分未進入全市場前 40%
5434,崇越,C 過熱或排除,51.85,59.5,51.7,45.4,37.5,51.6,51.8,68.1,89.9,277,0,-50.0,0.0,0.0,0,0.93,-0.09,0.012147,0.011605,1,7.8855,9.01,11.83,6.59,605.0,510.1,主流評分未進入全市場前 40%
6416,瑞祺電通,C 過熱或排除,51.84,59.3,51.7,45.4,37.5,52.6,52.8,77.0,66.9,603,0,18.0,0.0,0.0,0,0.95,-0.07,0.002369,0.002448,1,1.6769,3.06,18.24,13.0,118.0,95.0,主流評分未進入全市場前 40%
7712,博盛半導體,C 過熱或排除,51.82,59.1,51.7,45.4,37.5,57.3,57.1,67.5,62.5,731,0,-236.0,0.0,0.0,0,1.01,0.02,0.003473,0.003352,1,1.4054,7.45,11.61,6.37,173.0,54.7,主流評分未進入全市場前 40%
2369,菱生,C 過熱或排除,51.7,58.8,51.7,45.4,37.5,77.2,74.4,47.6,5.8,314,0,328.0,0.0,0.0,0,1.61,0.81,0.000657,0.00065,1,0.063,1.71,5.65,0.41,32.7,410.5,主流評分未進入全市場前 40%
2464,盟立,C 過熱或排除,51.7,58.8,51.7,45.4,76.5,53.0,53.2,8.9,81.2,107,0,3.0,0.0,0.0,1,0.96,-0.05,0.003875,0.003993,0,3.5374,0.26,-4.93,-10.17,193.0,2373.7,相對強弱未轉強（弱於大盤）
4566,時碩工業,C 過熱或排除,51.66,58.5,51.7,45.4,37.5,57.1,57.3,80.2,34.1,466,0,-39.0,0.0,0.0,0,1.02,0.02,0.001552,0.001446,1,0.417,4.32,21.54,16.3,77.3,192.1,主流評分未進入全市場前 40%
4923,力士,C 過熱或排除,51.63,58.3,51.7,45.4,37.5,51.4,48.2,83.5,62.3,809,0,-158.0,0.0,0.0,0,0.86,-0.09,0.001259,0.001253,1,1.3752,2.12,23.18,17.94,62.7,41.2,主流評分未進入全市場前 40%
6223,旺矽,C 過熱或排除,51.6,58.0,6.1,90.8,93.0,45.8,49.8,27.6,67.5,61,40,-9.0,-9.0,4.3,18,0.9,-0.22,0.11103,0.115524,0,1.7061,7.9,0.73,-4.51,5530.0,4957.3,相對強弱未轉強（弱於大盤）
4912,聯德控股-KY,C 過熱或排除,51.6,58.0,51.7,45.4,37.5,66.5,66.9,58.9,28.4,680,0,92.0,0.0,0.0,0,1.26,0.29,0.002199,0.002061,1,0.3326,9.5,8.24,3.0,109.5,67.9,主流評分未進入全市場前 40%
3029,零壹,C 過熱或排除,51.44,57.7,51.7,45.4,37.5,63.5,67.5,46.4,57.9,359,0,237.0,0.0,0.0,0,1.28,0.2,0.002319,0.002474,1,1.072,-3.75,5.48,0.24,115.5,308.0,主流評分未進入全市場前 40%
4931,新盛力,C 過熱或排除,51.4,57.5,51.7,45.4,37.5,65.7,66.5,32.7,80.0,152,0,-50.0,0.0,0.0,0,1.24,0.28,0.00507,0.005101,0,3.3855,0.2,2.02,-3.22,252.5,1517.7,相對強弱未轉強（弱於大盤）
6227,茂綸,C 過熱或排除,51.37,57.3,51.7,45.4,37.5,49.2,45.6,85.5,64.9,597,0,-30.0,0.0,0.0,0,0.82,-0.15,0.002821,0.002776,1,1.5084,6.44,26.01,20.77,140.5,96.2,主流評分未進入全市場前 40%
6139,亞翔,C 過熱或排除,51.36,57.1,5.5,87.3,80.3,43.5,46.8,52.0,81.9,122,0,-31.0,-10.0,1.0,2,0.84,-0.28,0.015801,0.015573,1,3.6851,4.1,6.5,1.25,787.0,2065.4,主流評分未進入全市場前 40%
6613,朋億*,C 過熱或排除,51.26,56.9,51.7,45.4,37.5,55.8,55.8,62.5,68.8,552,0,71.0,0.0,0.0,0,1.0,-0.0,0.005823,0.005661,1,1.8032,5.84,9.43,4.19,290.0,121.6,主流評分未進入全市場前 40%
6148,驊宏資,C 過熱或排除,51.12,56.7,51.7,45.4,37.5,53.4,49.2,88.1,34.9,749,0,-309.0,0.0,0.0,0,0.89,-0.05,0.000745,0.000756,1,0.4287,-2.62,30.4,25.16,37.1,51.3,主流評分未進入全市場前 40%
2330,台積電,C 過熱或排除,50.95,56.5,10.1,89.3,97.0,20.6,36.3,45.6,94.4,2,99,-1.0,-1.0,2.7,20,0.66,-0.65,0.051901,0.051926,1,13.4771,4.23,5.39,0.15,2585.0,43793.0,主流評分未進入全市場前 40%
6603,富強鑫,C 過熱或排除,50.94,56.3,51.7,45.4,37.5,57.7,58.1,76.4,23.8,682,0,87.0,0.0,0.0,0,1.02,0.02,0.000578,0.000573,1,0.2735,0.0,18.03,12.79,28.8,67.4,主流評分未進入全市場前 40%
3580,友威科,C 過熱或排除,50.93,56.2,51.7,45.4,37.5,55.4,55.0,77.8,34.3,703,0,-34.0,0.0,0.0,0,0.99,-0.01,0.002078,0.002048,1,0.4173,-6.33,19.24,14.0,103.5,62.2,主流評分未進入全市場前 40%
2363,矽統,C 過熱或排除,50.92,56.0,51.7,45.4,37.5,63.1,63.9,74.0,0.7,291,0,43.0,0.0,0.0,0,1.18,0.19,0.001219,0.001182,1,0.0103,2.71,15.62,10.38,60.7,467.6,主流評分未進入全市場前 40%
8040,九暘,C 過熱或排除,50.85,55.8,51.7,45.4,37.5,61.3,65.9,62.1,24.4,486,0,123.0,0.0,0.0,0,1.23,0.15,0.001811,0.001818,1,0.2805,-8.43,9.33,4.09,90.2,165.8,主流評分未進入全市場前 40%
2357,華碩,C 過熱或排除,50.84,55.6,51.7,45.4,84.3,35.9,40.9,19.4,95.2,104,0,40.0,0.0,0.0,4,0.74,-0.4,0.019857,0.020197,0,18.1397,2.91,-1.0,-6.24,989.0,2460.0,相對強弱未轉強（弱於大盤）
2851,中再保,C 過熱或排除,50.72,55.4,51.7,45.4,37.5,60.7,62.7,50.8,52.6,506,0,224.0,0.0,0.0,0,1.15,0.14,0.000959,0.000983,1,0.8379,1.17,6.23,0.99,47.75,152.6,主流評分未進入全市場前 40%
6179,亞通,C 過熱或排除,50.66,55.2,51.7,45.4,37.5,50.4,47.2,84.7,45.4,480,0,-112.0,0.0,0.0,0,0.84,-0.1,0.000758,0.00077,1,0.6488,3.99,25.42,20.17,37.75,170.0,主流評分未進入全市場前 40%
2404,漢唐,C 過熱或排除,50.51,55.0,51.7,45.4,84.3,6.9,17.9,83.1,94.2,195,0,-91.0,0.0,0.0,4,0.47,-0.91,0.026703,0.024448,1,13.4211,3.1,23.15,17.91,1330.0,997.0,主流評分未進入全市場前 40%
3615,安可,C 過熱或排除,50.43,54.8,51.7,45.4,37.5,55.6,55.6,79.6,19.0,796,0,-112.0,0.0,0.0,0,1.0,-0.0,0.000882,0.000811,1,0.2172,-4.04,20.74,15.5,43.95,43.2,主流評分未進入全市場前 40%
2301,光寶科,C 過熱或排除,50.42,54.6,6.6,97.7,91.2,33.1,37.7,25.8,84.3,62,39,-7.0,-7.0,12.4,15,0.7,-0.46,0.006023,0.005998,0,4.5801,7.33,0.33,-4.91,300.0,4954.1,相對強弱未轉強（弱於大盤）
00909,00909,C 過熱或排除,50.29,54.3,51.7,45.4,37.5,82.9,81.9,16.1,8.3,531,0,198.0,0.0,0.0,0,2.09,1.45,0.000955,0.001018,0,0.0871,-2.14,-2.02,-7.26,47.58,132.4,相對強弱未轉強（弱於大盤）
2855,統一證,C 過熱或排除,50.29,54.3,51.7,45.4,37.5,52.4,53.8,66.5,55.6,433,0,82.0,0.0,0.0,0,0.97,-0.07,0.001158,0.001155,1,0.9457,1.94,10.96,5.72,57.7,223.1,主流評分未進入全市場前 40%
0050,0050,C 過熱或排除,50.28,54.0,7.4,92.6,97.0,32.5,30.0,47.4,54.8,45,56,-5.0,-5.0,6.0,20,0.59,-0.46,0.00233,0.002333,1,0.9018,3.57,5.6,0.36,116.05,7145.4,主流評分未進入全市場前 40%
6120,達運,C 過熱或排除,50.27,53.8,51.7,45.4,37.5,59.5,63.3,72.2,3.2,716,0,-125.0,0.0,0.0,0,1.17,0.11,0.000281,0.000273,1,0.0369,-2.44,13.36,8.12,14.0,58.0,主流評分未進入全市場前 40%
00930,00930,C 過熱或排除,50.06,53.6,51.7,45.4,37.5,70.2,78.8,31.5,17.3,721,0,204.0,0.0,0.0,0,1.76,0.43,0.000481,0.000496,0,0.191,0.76,1.74,-3.5,23.98,57.2,相對強弱未轉強（弱於大盤）
009803,009803,C 過熱或排除,49.96,53.4,51.7,45.4,37.5,68.8,72.0,40.5,14.9,533,0,66.0,0.0,0.0,0,1.47,0.38,0.000449,0.000451,0,0.151,3.56,4.25,-0.99,22.38,130.3,相對強弱未轉強（弱於大盤）
00770,00770,C 過熱或排除,49.92,53.2,51.7,45.4,37.5,58.7,60.5,57.5,33.3,832,0,10.0,0.0,0.0,0,1.1,0.07,0.001351,0.001347,1,0.407,3.22,7.87,2.63,67.3,37.5,主流評分未進入全市場前 40%
5351,鈺創,C 過熱或排除,49.84,53.0,51.7,45.4,76.5,46.6,47.6,12.5,67.1,148,0,67.0,0.0,0.0,1,0.85,-0.21,0.002299,0.002326,0,1.698,3.62,-3.38,-8.62,114.5,1561.4,相對強弱未轉強（弱於大盤）
2069,運錩,C 過熱或排除,49.74,52.8,51.7,45.4,37.5,50.0,48.8,82.5,29.4,1040,0,-246.0,0.0,0.0,0,0.87,-0.11,0.000503,0.000517,1,0.3489,-6.18,22.79,17.55,25.05,20.0,主流評分未進入全市場前 40%
6435,大中,C 過熱或排除,49.68,52.6,51.7,45.4,37.5,60.1,60.1,33.1,74.0,459,0,-20.0,0.0,0.0,0,1.09,0.12,0.00516,0.00526,0,2.4469,1.98,2.19,-3.05,257.0,199.9,相對強弱未轉強（弱於大盤）
2603,長榮,C 過熱或排除,49.55,52.4,51.7,45.4,80.3,36.5,39.7,24.2,72.8,125,0,62.0,0.0,0.0,2,0.72,-0.39,0.004668,0.004996,0,2.3389,-2.92,-0.21,-5.46,232.5,1918.2,相對強弱未轉強（弱於大盤）
2103,台橡,C 過熱或排除,49.53,52.2,51.7,45.4,37.5,60.9,62.1,48.6,33.7,461,0,236.0,0.0,0.0,0,1.14,0.14,0.000582,0.000573,1,0.4079,3.02,5.84,0.6,29.0,198.2,主流評分未進入全市場前 40%
3362,先進光,C 過熱或排除,49.5,51.9,51.7,45.4,37.5,56.5,56.7,36.7,80.8,187,0,-71.0,0.0,0.0,0,1.01,0.01,0.003935,0.003746,0,3.4375,14.62,3.16,-2.08,196.0,1063.5,相對強弱未轉強（弱於大盤）
0052,0052,C 過熱或排除,49.5,51.9,51.7,45.4,37.5,59.9,59.1,50.6,38.1,161,0,35.0,0.0,0.0,0,1.07,0.12,0.001358,0.001357,1,0.486,3.36,6.12,0.88,67.65,1368.2,主流評分未進入全市場前 40%
2221,大甲,C 過熱或排除,49.42,51.6,51.7,45.4,37.5,40.1,14.1,99.5,88.3,546,0,2.0,0.0,0.0,0,0.42,-0.33,0.003805,0.00295,1,6.4418,-4.05,118.57,113.33,189.5,124.3,主流評分未進入全市場前 40%
00900,00900,C 過熱或排除,49.17,51.4,51.7,45.4,37.5,75.2,66.7,28.2,15.5,543,0,-4.0,0.0,0.0,0,1.26,0.67,0.000396,0.000411,0,0.1624,1.55,0.95,-4.29,19.7,124.9,相對強弱未轉強（弱於大盤）
00713,00713,C 過熱或排除,49.09,51.2,51.7,45.4,37.5,68.1,62.5,30.8,38.5,336,0,60.0,0.0,0.0,0,1.14,0.34,0.00127,0.001327,0,0.5178,0.4,1.64,-3.6,63.25,367.5,相對強弱未轉強（弱於大盤）
1710,東聯,C 過熱或排除,49.06,51.0,51.7,45.4,37.5,54.0,54.0,69.0,20.6,578,0,112.0,0.0,0.0,0,0.98,-0.04,0.000353,0.000348,1,0.2292,5.07,12.46,7.22,17.6,107.6,主流評分未進入全市場前 40%
2317,鴻海,C 過熱或排除,49.02,50.8,2.4,95.9,97.0,39.5,47.0,16.9,47.4,37,64,-27.0,-27.0,9.2,20,0.84,-0.34,0.00506,0.005283,0,0.727,0.2,-1.56,-6.8,252.0,9114.3,相對強弱未轉強（弱於大盤）
1608,華榮,C 過熱或排除,48.88,50.6,51.7,45.4,37.5,65.3,67.7,35.5,22.8,476,0,320.0,0.0,0.0,0,1.28,0.27,0.000744,0.000758,0,0.2606,2.21,2.77,-2.47,37.05,176.5,相對強弱未轉強（弱於大盤）
00981A,00981A,C 過熱或排除,48.8,50.4,9.4,92.2,92.5,23.2,36.1,62.7,15.7,75,26,-2.0,-2.0,5.6,17,0.66,-0.62,0.000648,0.000631,1,0.1651,5.63,9.5,4.25,32.26,3928.7,主流評分未進入全市場前 40%
8926,台汽電,C 過熱或排除,48.74,50.2,51.7,45.4,37.5,63.3,61.7,39.9,29.0,418,0,236.0,0.0,0.0,0,1.14,0.19,0.001211,0.001235,0,0.3392,1.86,4.15,-1.1,60.3,240.5,相對強弱未轉強（弱於大盤）
2059,川湖,C 過熱或排除,48.71,50.0,1.6,95.9,97.0,34.1,44.0,0.7,99.5,64,37,-31.0,-31.0,9.2,20,0.78,-0.43,0.236717,0.259386,0,368.428,-2.2,-15.21,-20.45,11790.0,4881.9,相對強弱未轉強（弱於大盤）
2393,億光,C 過熱或排除,48.5,49.7,51.7,45.4,37.5,59.7,59.3,54.6,10.3,500,0,50.0,0.0,0.0,0,1.08,0.11,0.001365,0.001343,1,0.0992,5.43,7.09,1.85,68.0,156.2,主流評分未進入全市場前 40%
3035,智原,C 過熱或排除,48.5,49.7,51.7,45.4,37.5,40.5,43.7,75.2,58.1,241,0,-33.0,0.0,0.0,0,0.77,-0.33,0.004196,0.004066,1,1.098,-0.71,16.76,11.52,209.0,654.3,主流評分未進入全市場前 40%
7711,永擎,C 過熱或排除,48.47,49.4,51.7,45.4,37.5,60.5,61.1,10.7,91.5,242,0,-37.0,0.0,0.0,0,1.11,0.13,0.012689,0.011868,0,9.1645,12.86,-4.24,-9.48,632.0,652.3,相對強弱未轉強（弱於大盤）
1718,中纖,C 過熱或排除,48.42,49.2,51.7,45.4,37.5,56.0,56.0,58.5,18.8,386,0,-20.0,0.0,0.0,0,1.0,-0.0,0.000227,0.000225,1,0.2171,4.15,8.13,2.89,11.3,268.0,主流評分未進入全市場前 40%
3711,日月光投控,C 過熱或排除,48.31,49.0,5.5,89.9,97.0,0.7,21.4,76.2,91.1,54,47,-10.0,-10.0,3.2,20,0.51,-1.22,0.014697,0.014031,1,8.7835,4.13,17.87,12.63,732.0,6028.6,主流評分未進入全市場前 40%
00922,00922,C 過熱或排除,48.26,48.8,51.7,45.4,37.5,58.1,57.5,45.0,32.9,330,0,-15.0,0.0,0.0,0,1.02,0.03,0.000907,0.000908,1,0.4036,3.44,5.37,0.13,45.15,381.9,主流評分未進入全市場前 40%
1736,喬山,C 過熱或排除,48.18,48.6,51.7,45.4,37.5,71.2,70.0,12.7,31.7,557,0,119.0,0.0,0.0,0,1.37,0.45,0.002449,0.00264,0,0.3922,-5.06,-3.17,-8.42,122.0,120.0,相對強弱未轉強（弱於大盤）
00892,00892,C 過熱或排除,48.13,48.4,51.7,45.4,37.5,65.9,61.3,35.1,19.4,435,0,37.0,0.0,0.0,0,1.12,0.29,0.000874,0.000898,0,0.2188,1.09,2.59,-2.65,43.52,221.5,相對強弱未轉強（弱於大盤）
2474,可成,C 過熱或排除,48.08,48.2,51.7,45.4,37.5,69.6,64.7,9.7,51.2,235,0,193.0,0.0,0.0,0,1.2,0.41,0.003995,0.004341,0,0.8098,-3.63,-4.56,-9.8,199.0,695.0,相對強弱未轉強（弱於大盤）
00859B,00859B,C 過熱或排除,47.97,48.0,51.7,45.4,37.5,74.4,61.9,28.0,3.8,542,0,16.0,0.0,0.0,0,1.14,0.6,0.000817,0.000853,0,0.0463,0.0,0.87,-4.37,40.69,125.0,相對強弱未轉強（弱於大盤）
6141,柏承,C 過熱或排除,47.9,47.7,51.7,45.4,37.5,55.2,55.4,36.2,56.7,521,0,227.0,0.0,0.0,0,0.99,-0.01,0.001072,0.001072,0,0.9892,3.09,2.89,-2.35,53.4,139.2,相對強弱未轉強（弱於大盤）
4770,上品,C 過熱或排除,47.9,47.7,51.7,45.4,37.5,42.7,34.1,68.3,72.6,572,0,-122.0,0.0,0.0,0,0.63,-0.3,0.005371,0.005359,1,2.3275,-5.14,11.92,6.68,267.5,111.1,主流評分未進入全市場前 40%
00675L,00675L,C 過熱或排除,47.81,47.4,51.7,45.4,37.5,37.3,40.7,64.3,81.7,339,0,4.0,0.0,0.0,0,0.73,-0.37,0.007353,0.00703,1,3.6367,7.14,10.07,4.83,366.25,365.2,主流評分未進入全市場前 40%
3221,台嘉碩,C 過熱或排除,47.78,47.2,51.7,45.4,37.5,54.6,54.8,51.0,27.8,487,0,-2.0,0.0,0.0,0,0.99,-0.01,0.001092,0.001044,1,0.3278,6.25,6.25,1.01,54.4,165.8,主流評分未進入全市場前 40%
1513,中興電,C 過熱或排除,47.75,47.0,51.7,45.4,37.5,58.5,58.5,27.0,55.8,283,0,100.0,0.0,0.0,0,1.05,0.07,0.003373,0.003488,0,0.9508,0.0,0.6,-4.64,168.0,495.4,相對強弱未轉強（弱於大盤）
6870,騰雲,C 過熱或排除,47.64,46.8,51.7,45.4,37.5,47.8,41.1,42.3,90.1,928,0,137.0,0.0,0.0,0,0.74,-0.18,0.006345,0.006582,0,7.9276,-2.32,4.81,-0.43,316.0,27.5,相對強弱未轉強（弱於大盤）
2351,順德,C 過熱或排除,47.59,46.6,51.7,45.4,80.3,36.9,38.1,5.8,72.4,224,0,-11.0,0.0,0.0,2,0.71,-0.38,0.004377,0.004828,0,2.2682,4.31,-6.64,-11.88,218.0,758.0,相對強弱未轉強（弱於大盤）
2395,研華,C 過熱或排除,47.51,46.4,51.7,45.4,80.3,5.2,22.6,56.9,94.6,168,0,-35.0,0.0,0.0,2,0.52,-0.99,0.014717,0.014719,1,13.945,0.96,7.79,2.55,733.0,1234.8,主流評分未進入全市場前 40%
6271,同欣電,C 過熱或排除,47.44,46.2,51.7,45.4,37.5,48.2,50.4,38.5,73.6,196,0,-17.0,0.0,0.0,0,0.9,-0.17,0.004849,0.004806,0,2.4072,6.62,3.87,-1.37,241.5,996.9,相對強弱未轉強（弱於大盤）
6525,捷敏-KY,C 過熱或排除,47.3,46.0,51.7,45.4,37.5,44.0,44.2,51.6,69.4,430,0,-52.0,0.0,0.0,0,0.78,-0.27,0.002851,0.002797,1,1.8334,4.8,6.37,1.13,142.0,224.2,主流評分未進入全市場前 40%
8227,巨有科技,C 過熱或排除,47.27,45.8,51.7,2.8,80.3,42.5,10.1,99.5,88.5,515,0,-112.0,0.0,-3.0,2,0.36,-0.3,0.007469,0.006171,1,6.5443,0.4,126.83,121.59,372.0,143.1,主流評分未進入全市場前 40%
00935,00935,C 過熱或排除,47.24,45.6,51.7,45.4,37.5,48.0,50.2,55.0,37.7,244,0,-52.0,0.0,0.0,0,0.9,-0.17,0.001264,0.001253,1,0.4798,3.28,7.3,2.06,62.95,647.1,主流評分未進入全市場前 40%
00631L,00631L,C 過熱或排除,47.09,45.3,3.1,94.8,97.0,14.9,23.6,65.7,32.7,74,27,-21.0,-21.0,7.7,20,0.53,-0.77,0.000838,0.000803,1,0.4031,7.08,10.33,5.09,41.75,4103.2,主流評分未進入全市場前 40%
2436,偉詮電,C 過熱或排除,47.09,45.3,51.7,45.4,37.5,64.7,64.1,28.4,10.1,310,0,-19.0,0.0,0.0,0,1.19,0.26,0.001454,0.001484,0,0.0983,-2.82,0.98,-4.26,72.4,420.1,相對強弱未轉強（弱於大盤）
8215,明基材,C 過熱或排除,46.94,45.0,51.7,45.4,37.5,51.2,47.8,65.3,6.3,878,0,-10.0,0.0,0.0,0,0.85,-0.09,0.000561,0.000573,1,0.0687,-5.73,10.26,5.02,27.95,31.6,主流評分未進入全市場前 40%
0056,0056,C 過熱或排除,46.9,44.8,7.0,86.8,76.5,38.5,40.5,41.5,46.8,142,0,-47.0,-6.0,0.6,1,0.73,-0.35,0.001174,0.001189,0,0.7063,2.63,4.66,-0.59,58.45,1664.1,相對強弱未轉強（弱於大盤）
8091,翔名,C 過熱或排除,46.79,44.6,51.7,45.4,37.5,47.0,45.2,57.3,36.9,580,0,-205.0,0.0,0.0,0,0.81,-0.2,0.004688,0.004569,1,0.4624,7.6,7.85,2.61,233.5,106.4,主流評分未進入全市場前 40%
5464,霖宏,C 過熱或排除,46.77,44.4,51.7,45.4,37.5,33.3,24.8,81.5,70.0,845,0,-4.0,0.0,0.0,0,0.54,-0.44,0.001875,0.001881,1,1.8725,5.9,22.25,17.01,93.4,36.1,主流評分未進入全市場前 40%
7871,7871,C 過熱或排除,46.69,44.2,51.7,45.4,37.5,37.7,38.7,54.0,82.7,498,0,75.0,0.0,0.0,0,0.72,-0.36,0.003122,0.003174,1,4.204,-2.81,6.87,1.63,155.5,157.1,主流評分未進入全市場前 40%
1312,國喬,C 過熱或排除,46.62,44.0,51.7,45.4,37.5,52.8,49.4,53.4,15.9,390,0,-38.0,0.0,0.0,0,0.89,-0.06,0.000302,0.000308,1,0.1719,0.33,6.74,1.5,15.05,265.0,主流評分未進入全市場前 40%
5864,致和證,C 過熱或排除,46.57,43.8,51.7,45.4,37.5,47.6,51.2,48.2,37.1,586,0,-141.0,0.0,0.0,0,0.92,-0.18,0.000791,0.000774,1,0.4625,0.51,5.77,0.53,39.4,102.9,主流評分未進入全市場前 40%
00896,00896,C 過熱或排除,46.42,43.7,51.7,45.4,37.5,54.2,53.4,44.2,18.1,510,0,-17.0,0.0,0.0,0,0.96,-0.04,0.000575,0.000575,0,0.2051,3.2,5.23,-0.01,28.66,148.6,相對強弱未轉強（弱於大盤）
3211,順達,C 過熱或排除,46.41,43.5,0.7,90.3,80.3,39.3,43.1,30.0,58.9,136,0,-74.0,-39.0,3.9,2,0.76,-0.34,0.00782,0.007976,0,1.1302,-2.26,1.43,-3.81,389.5,1760.5,相對強弱未轉強（弱於大盤）
8182,加高,C 過熱或排除,46.39,43.3,51.7,45.4,37.5,45.0,42.7,66.1,22.6,804,0,-97.0,0.0,0.0,0,0.76,-0.24,0.000879,0.000851,1,0.2594,5.8,10.61,5.37,43.8,42.5,主流評分未進入全市場前 40%
1216,統一,C 過熱或排除,46.32,43.1,51.7,45.4,37.5,61.1,59.9,26.2,18.3,175,0,18.0,0.0,0.0,0,1.08,0.15,0.001516,0.001571,0,0.2112,1.75,0.4,-4.84,75.5,1181.6,相對強弱未轉強（弱於大盤）
6533,晶心科,C 過熱或排除,46.3,42.9,51.7,0.7,80.3,38.9,20.8,91.1,83.5,344,0,-110.0,0.0,-6.8,2,0.5,-0.35,0.006967,0.005893,1,4.2884,4.05,35.02,29.78,347.0,357.0,主流評分未進入全市場前 40%
1314,中石化,C 過熱或排除,46.25,42.6,51.7,45.4,37.5,47.2,46.6,64.1,9.3,391,0,42.0,0.0,0.0,0,0.83,-0.2,0.000179,0.000181,1,0.0929,-1.0,10.0,4.76,8.91,263.2,主流評分未進入全市場前 40%
8039,台虹,C 過熱或排除,46.25,42.6,6.6,88.4,91.9,29.4,37.3,5.4,89.1,56,45,-7.0,-7.0,2.0,16,0.7,-0.52,0.006114,0.005865,0,7.1368,1.33,-6.88,-12.12,304.5,5538.5,相對強弱未轉強（弱於大盤）
00918,00918,C 過熱或排除,46.19,42.3,51.7,45.4,85.1,32.7,19.8,25.2,39.9,228,0,-37.0,0.0,0.0,5,0.49,-0.46,0.000685,0.000714,0,0.5468,0.74,0.26,-4.98,34.14,725.0,相對強弱未轉強（弱於大盤）
7765,中華資安,C 過熱或排除,46.16,42.1,51.7,45.4,37.5,50.6,43.5,52.2,27.4,983,0,7.0,0.0,0.0,0,0.77,-0.1,0.004718,0.004902,1,0.3249,-0.84,6.58,1.34,235.0,23.2,主流評分未進入全市場前 40%
2409,友達,C 過熱或排除,45.64,41.9,6.1,4.0,97.0,68.5,68.8,89.5,53.6,23,78,-9.0,-9.0,-1.6,20,1.34,0.35,0.000762,0.000706,1,0.8713,-1.56,32.23,26.99,37.95,13270.7,主流評分未進入全市場前 40%
2412,中華電,C 過熱或排除,45.59,41.7,51.7,45.4,76.5,15.5,28.6,46.2,46.0,191,0,-7.0,0.0,0.0,1,0.57,-0.75,0.002921,0.003022,1,0.6827,1.39,5.43,0.19,145.5,1030.2,主流評分未進入全市場前 40%
00731,00731,C 過熱或排除,45.57,41.5,51.7,45.4,37.5,44.6,50.0,31.7,61.3,726,0,7.0,0.0,0.0,0,0.9,-0.25,0.001992,0.002066,0,1.2642,1.22,1.85,-3.39,99.2,55.5,相對強弱未轉強（弱於大盤）
2207,和泰車,C 過熱或排除,45.52,41.3,51.7,45.4,37.5,49.8,49.6,14.9,79.4,483,0,93.0,0.0,0.0,0,0.9,-0.12,0.010561,0.010991,0,3.2337,3.34,-2.41,-7.65,526.0,169.5,相對強弱未轉強（弱於大盤）
6138,茂達,C 過熱或排除,45.46,41.1,51.7,45.4,37.5,58.9,58.3,6.3,50.4,384,0,108.0,0.0,0.0,0,1.05,0.08,0.005431,0.005782,0,0.7856,-1.99,-6.08,-11.32,270.5,273.9,相對強弱未轉強（弱於大盤）
2476,鉅祥,C 過熱或排除,45.42,40.9,51.7,45.4,37.5,36.3,44.4,56.7,44.4,493,0,-158.0,0.0,0.0,0,0.78,-0.39,0.00264,0.00258,1,0.6319,6.48,7.79,2.55,131.5,160.8,主流評分未進入全市場前 40%
2881,富邦金,C 過熱或排除,45.33,40.7,4.2,87.6,83.1,17.7,38.5,39.5,77.0,126,0,-40.0,-15.0,1.5,3,0.71,-0.71,0.003122,0.003187,0,2.9802,2.98,4.01,-1.23,155.5,1901.3,相對強弱未轉強（弱於大盤）
1808,潤隆,C 過熱或排除,45.31,40.5,51.7,45.4,37.5,59.3,59.7,17.3,21.6,692,0,449.0,0.0,0.0,0,1.08,0.11,0.00065,0.000682,0,0.2452,2.21,-1.32,-6.56,32.35,64.7,相對強弱未轉強（弱於大盤）
8110,華東,C 過熱或排除,45.27,40.3,51.7,45.4,37.5,43.3,35.7,70.4,10.7,457,0,-26.0,0.0,0.0,0,0.66,-0.28,0.000994,0.000976,1,0.1054,0.61,12.88,7.64,49.5,202.5,主流評分未進入全市場前 40%
00940,00940,C 過熱或排除,45.21,40.1,51.7,45.4,37.5,53.6,54.4,35.3,11.5,477,0,82.0,0.0,0.0,0,0.98,-0.04,0.000267,0.000274,0,0.1175,1.22,2.67,-2.57,13.28,172.9,相對強弱未轉強（弱於大盤）
00991A,00991A,C 過熱或排除,45.17,39.9,51.7,45.4,76.5,25.6,21.8,52.8,7.7,189,0,-26.0,0.0,0.0,1,0.52,-0.59,0.000385,0.000377,1,0.0792,6.61,6.61,1.37,19.19,1043.2,主流評分未進入全市場前 40%
2104,國際中橡,C 過熱或排除,45.07,39.7,51.7,45.4,37.5,41.7,41.3,68.8,3.6,879,0,-7.0,0.0,0.0,0,0.74,-0.31,0.000227,0.000227,1,0.0439,1.35,12.44,7.2,11.3,31.5,主流評分未進入全市場前 40%
00692,00692,C 過熱或排除,44.99,39.5,51.7,45.4,37.5,39.1,40.1,49.8,50.0,679,0,-141.0,0.0,0.0,0,0.73,-0.34,0.002006,0.002004,1,0.781,3.42,5.94,0.7,99.9,68.0,主流評分未進入全市場前 40%
7795,長廣,C 過熱或排除,44.97,39.3,51.7,45.4,37.5,37.5,41.7,31.0,88.9,294,0,-77.0,0.0,0.0,0,0.75,-0.37,0.010942,0.010762,0,7.0275,11.68,1.68,-3.56,545.0,455.8,相對強弱未轉強（弱於大盤）
2006,東和鋼鐵,C 過熱或排除,44.93,39.1,51.7,45.4,37.5,37.1,37.1,51.4,57.5,511,0,175.0,0.0,0.0,0,0.68,-0.38,0.001725,0.001774,1,1.058,0.59,6.31,1.07,85.9,147.6,主流評分未進入全市場前 40%
00685L,00685L,C 過熱或排除,44.92,38.9,9.4,86.1,83.1,17.9,29.4,65.9,13.3,130,0,-31.0,-2.0,0.2,3,0.58,-0.7,0.000278,0.000265,1,0.1388,7.2,10.54,5.3,13.84,1817.9,主流評分未進入全市場前 40%
3088,艾訊,C 過熱或排除,44.91,38.7,51.7,45.4,37.5,43.1,36.5,58.1,27.0,535,0,-77.0,0.0,0.0,0,0.67,-0.29,0.00269,0.002703,1,0.3208,0.37,8.06,2.82,134.0,129.2,主流評分未進入全市場前 40%
2379,瑞昱,C 過熱或排除,44.8,38.5,51.7,45.4,76.5,4.2,16.3,44.4,92.5,188,0,-21.0,0.0,0.0,1,0.45,-1.01,0.014878,0.015415,1,10.1176,-2.5,5.26,0.02,741.0,1052.4,主流評分未進入全市場前 40%
6116,彩晶,C 過熱或排除,44.66,38.2,51.7,45.4,37.5,40.3,36.9,61.3,23.2,305,0,-62.0,0.0,0.0,0,0.68,-0.33,0.000311,0.000312,1,0.2676,-5.2,9.15,3.91,15.5,426.4,主流評分未進入全市場前 40%
2891,中信金,C 過熱或排除,44.66,38.2,51.7,45.4,83.1,9.3,31.7,31.9,48.2,157,0,-49.0,0.0,0.0,3,0.61,-0.87,0.001379,0.001444,0,0.751,0.44,1.93,-3.31,68.7,1449.5,相對強弱未轉強（弱於大盤）
8070,長華*,C 過熱或排除,44.56,37.9,51.7,45.4,37.5,48.8,46.4,37.1,25.0,540,0,80.0,0.0,0.0,0,0.83,-0.15,0.001034,0.001054,0,0.2827,2.59,3.21,-2.03,51.5,126.2,相對強弱未轉強（弱於大盤）
3167,大量,C 過熱或排除,44.36,37.7,51.7,0.7,91.2,23.8,20.2,74.4,91.7,146,0,-3.0,0.0,-13.3,15,0.5,-0.61,0.02058,0.018775,1,9.5196,15.56,16.08,10.84,1025.0,1605.3,主流評分未進入全市場前 40%
00891,00891,C 過熱或排除,44.34,37.5,51.7,45.4,37.5,35.3,44.8,55.2,28.2,288,0,30.0,0.0,0.0,0,0.79,-0.4,0.000773,0.000773,1,0.3324,2.58,7.36,2.12,38.5,469.9,主流評分未進入全市場前 40%
2344,華邦電,C 過熱或排除,44.17,37.3,8.4,88.7,97.0,7.7,23.4,23.8,77.8,33,68,-3.0,-3.0,2.3,20,0.53,-0.89,0.003604,0.003678,0,3.152,0.0,-0.28,-5.52,179.5,11377.6,相對強弱未轉強（弱於大盤）
00913,00913,C 過熱或排除,44.09,37.1,51.7,45.4,37.5,28.6,42.5,58.3,41.9,695,0,-95.0,0.0,0.0,0,0.76,-0.53,0.001084,0.001078,1,0.5772,2.47,8.11,2.87,54.0,63.5,主流評分未進入全市場前 40%
2883,凱基金,C 過熱或排除,44.06,36.9,51.7,2.6,76.5,48.4,52.0,40.3,53.2,153,0,15.0,0.0,-3.6,1,0.93,-0.17,0.000773,0.000807,0,0.8565,-0.9,4.19,-1.05,38.5,1514.4,相對強弱未轉強（弱於大盤）
6291,沛亨,C 過熱或排除,43.81,36.7,51.7,45.4,37.5,34.5,31.2,50.4,56.9,371,0,-61.0,0.0,0.0,0,0.59,-0.42,0.009427,0.010252,1,1.0025,-6.1,6.1,0.86,469.5,288.6,主流評分未進入全市場前 40%
3010,華立,C 過熱或排除,43.71,36.5,51.7,45.4,37.5,50.8,51.4,32.3,1.6,641,0,20.0,0.0,0.0,0,0.93,-0.1,0.00265,0.002647,0,0.0124,5.18,1.93,-3.31,132.0,81.2,相對強弱未轉強（弱於大盤）
6472,保瑞,C 過熱或排除,43.69,36.3,51.7,45.4,37.5,34.9,35.5,35.9,73.4,410,0,78.0,0.0,0.0,0,0.65,-0.41,0.008593,0.00881,0,2.4066,0.94,2.88,-2.36,428.0,243.3,相對強弱未轉強（弱於大盤）
6586,6586,C 過熱或排除,43.54,36.1,51.7,45.4,37.5,22.6,15.9,71.8,74.8,828,0,-247.0,0.0,0.0,0,0.45,-0.63,0.002319,0.002269,1,2.4905,-4.94,13.24,7.99,115.5,37.9,主流評分未進入全市場前 40%
00995A,00995A,C 過熱或排除,43.48,35.9,51.7,45.4,37.5,42.1,42.9,49.2,6.5,699,0,-55.0,0.0,0.0,0,0.76,-0.31,0.000375,0.000369,1,0.0696,4.95,5.9,0.66,18.66,63.1,主流評分未進入全市場前 40%
6467,6467,C 過熱或排除,43.41,35.7,51.7,45.4,37.5,45.4,39.1,7.7,85.5,522,0,57.0,0.0,0.0,0,0.72,-0.23,0.004347,0.005089,0,4.9025,-10.17,-5.25,-10.49,216.5,138.6,相對強弱未轉強（弱於大盤）
9904,寶成,C 過熱或排除,43.27,35.5,51.7,45.4,37.5,49.6,51.0,29.8,2.4,342,0,186.0,0.0,0.0,0,0.92,-0.13,0.000501,0.000518,0,0.0145,0.0,1.42,-3.82,24.95,359.0,相對強弱未轉強（弱於大盤）
009816,009816,C 過熱或排除,43.26,35.3,51.7,45.4,37.5,40.7,43.3,45.2,13.5,150,0,0.0,0.0,0.0,0,0.77,-0.33,0.000342,0.000344,1,0.1409,3.34,5.38,0.14,17.04,1531.0,主流評分未進入全市場前 40%
6166,凌華,C 過熱或排除,43.14,35.1,51.7,45.4,37.5,27.8,11.3,70.6,62.9,504,0,-36.0,0.0,0.0,0,0.38,-0.54,0.00263,0.002562,1,1.4198,-1.5,12.93,7.69,131.0,155.4,主流評分未進入全市場前 40%
00888,00888,C 過熱或排除,42.99,34.9,51.7,45.4,37.5,38.3,31.5,48.0,33.1,414,0,-34.0,0.0,0.0,0,0.6,-0.36,0.00074,0.000745,1,0.405,1.94,5.77,0.53,36.86,242.1,主流評分未進入全市場前 40%
8016,矽創,C 過熱或排除,42.78,34.7,51.7,45.4,37.5,37.9,41.9,21.0,63.5,458,0,18.0,0.0,0.0,0,0.75,-0.36,0.005813,0.005949,0,1.4308,1.94,-0.69,-5.93,289.5,201.7,相對強弱未轉強（弱於大盤）
2609,陽明,C 過熱或排除,42.71,34.4,51.7,45.4,76.5,24.4,2.8,31.3,43.1,258,0,-51.0,0.0,0.0,1,0.23,-0.6,0.001187,0.001251,0,0.5992,-0.51,1.72,-3.52,59.1,591.2,相對強弱未轉強（弱於大盤）
1101,台泥,C 過熱或排除,42.71,34.4,51.7,45.4,37.5,46.4,34.5,42.9,7.5,250,0,-18.0,0.0,0.0,0,0.63,-0.21,0.000512,0.000522,0,0.0757,-3.04,4.94,-0.3,25.5,634.0,相對強弱未轉強（弱於大盤）
2615,萬海,C 過熱或排除,42.7,34.1,51.7,45.4,80.3,21.8,4.2,14.1,71.0,247,0,-5.0,0.0,0.0,2,0.26,-0.64,0.002239,0.002396,0,2.0375,-2.19,-2.62,-7.86,111.5,640.2,相對強弱未轉強（弱於大盤）
8431,匯鑽科,C 過熱或排除,42.68,33.9,51.7,45.4,37.5,54.4,52.6,9.1,14.5,647,0,99.0,0.0,0.0,0,0.95,-0.03,0.001285,0.001327,0,0.15,-4.19,-4.9,-10.14,64.0,79.6,相對強弱未轉強（弱於大盤）
3066,李洲,C 過熱或排除,42.61,33.7,51.7,45.4,37.5,32.3,13.7,69.3,36.5,1151,0,-171.0,0.0,0.0,0,0.42,-0.47,0.000542,0.000564,1,0.4525,-7.53,12.5,7.26,27.0,13.9,主流評分未進入全市場前 40%
8996,高力,C 過熱或排除,42.46,33.5,51.7,0.7,89.5,6.0,12.9,89.9,96.0,132,0,43.0,0.0,-13.8,12,0.42,-0.97,0.033028,0.030449,1,21.325,2.49,32.66,27.42,1645.0,1799.0,主流評分未進入全市場前 40%
2347,聯強,C 過熱或排除,42.37,33.3,51.7,45.4,37.5,19.0,33.3,59.7,51.4,427,0,-15.0,0.0,0.0,0,0.62,-0.67,0.001944,0.001936,1,0.8112,2.0,8.4,3.16,96.8,227.4,主流評分未進入全市場前 40%
7828,創新服務,C 過熱或排除,42.33,33.0,51.7,45.4,37.5,31.3,38.9,11.9,98.2,326,0,79.0,0.0,0.0,0,0.72,-0.48,0.03614,0.040927,0,38.1134,-4.51,-3.74,-8.98,1800.0,389.1,相對強弱未轉強（弱於大盤）
2421,建準,C 過熱或排除,42.33,33.0,51.7,45.4,37.5,39.7,32.1,24.8,60.9,352,0,-115.0,0.0,0.0,0,0.61,-0.34,0.003443,0.003476,0,1.2514,6.85,0.0,-5.24,171.5,332.2,相對強弱未轉強（弱於大盤）
2890,永豐金,C 過熱或排除,42.26,32.7,51.7,45.4,37.5,26.0,39.5,42.5,50.6,207,0,-9.0,0.0,0.0,0,0.72,-0.58,0.000896,0.000936,0,0.7888,0.9,4.81,-0.43,44.65,868.2,相對強弱未轉強（弱於大盤）
6990,6990,C 過熱或排除,42.19,32.5,51.7,45.4,37.5,24.0,19.4,52.4,75.4,722,0,-90.0,0.0,0.0,0,0.49,-0.61,0.003253,0.00337,1,2.66,-0.92,6.58,1.34,162.0,56.9,主流評分未進入全市場前 40%
3229,晟鈦,C 過熱或排除,42.06,32.3,51.7,45.4,37.5,29.6,7.1,64.5,56.5,810,0,-48.0,0.0,0.0,0,0.31,-0.51,0.001118,0.001252,1,0.976,-4.95,10.08,4.84,55.7,41.1,主流評分未進入全市場前 40%
00961,00961,C 過熱或排除,42.03,32.1,51.7,45.4,37.5,47.4,48.0,17.9,13.9,373,0,-117.0,0.0,0.0,0,0.86,-0.19,0.000265,0.000278,0,0.1436,-0.38,-1.25,-6.49,13.19,287.7,相對強弱未轉強（弱於大盤）
00881,00881,C 過熱或排除,42.02,31.9,51.7,45.4,37.5,33.7,34.3,43.8,30.2,220,0,-23.0,0.0,0.0,0,0.63,-0.43,0.001083,0.001085,0,0.3611,3.35,5.06,-0.18,53.95,790.3,相對強弱未轉強（弱於大盤）
6446,藥華藥,C 過熱或排除,42.01,31.7,51.7,45.4,87.3,3.0,11.7,4.2,97.4,133,0,-12.0,0.0,0.0,9,0.38,-1.04,0.024194,0.025545,0,24.4629,-0.82,-9.06,-14.3,1205.0,1795.5,相對強弱未轉強（弱於大盤）
2637,慧洋-KY,C 過熱或排除,41.98,31.5,51.7,45.4,37.5,42.3,33.1,14.7,64.5,392,0,-52.0,0.0,0.0,0,0.62,-0.3,0.001944,0.002092,0,1.495,0.41,-2.42,-7.66,96.8,262.4,相對強弱未轉強（弱於大盤）
6748,6748,C 過熱或排除,41.96,31.3,51.7,45.4,37.5,13.7,8.7,69.3,89.3,691,0,125.0,0.0,0.0,0,0.34,-0.79,0.004156,0.004291,1,7.245,-2.82,12.5,7.26,207.0,64.8,主流評分未進入全市場前 40%
3006,晶豪科,C 過熱或排除,41.92,31.2,51.7,45.4,86.5,8.5,12.7,4.4,79.0,160,0,-42.0,0.0,0.0,8,0.42,-0.88,0.005431,0.005962,0,3.2085,-5.42,-8.92,-14.16,270.5,1394.1,相對強弱未轉強（弱於大盤）
00719B,00719B,C 過熱或排除,41.74,31.0,51.7,45.4,37.5,43.8,48.4,25.6,2.6,667,0,-131.0,0.0,0.0,0,0.86,-0.27,0.000623,0.000651,0,0.0222,0.03,0.29,-4.95,31.02,71.2,相對強弱未轉強（弱於大盤）
3591,艾笛森,C 過熱或排除,41.71,30.8,51.7,45.4,37.5,35.1,13.9,71.4,5.6,1078,0,-100.0,0.0,0.0,0,0.42,-0.41,0.000538,0.000537,1,0.0622,-2.37,13.21,7.97,26.8,18.0,主流評分未進入全市場前 40%
00735,00735,C 過熱或排除,41.56,30.6,51.7,45.4,37.5,26.2,33.9,39.7,52.8,488,0,-37.0,0.0,0.0,0,0.63,-0.58,0.002233,0.002252,0,0.8389,3.01,4.07,-1.17,111.2,164.4,相對強弱未轉強（弱於大盤）
8103,瀚荃,C 過熱或排除,41.49,30.4,51.7,45.4,37.5,44.8,37.9,9.9,47.0,367,0,-17.0,0.0,0.0,0,0.7,-0.25,0.002369,0.002527,0,0.7151,-2.88,-4.45,-9.69,118.0,296.1,相對強弱未轉強（弱於大盤）
6245,立端,C 過熱或排除,41.44,30.2,51.7,45.4,37.5,21.2,24.6,64.7,33.9,836,0,-83.0,0.0,0.0,0,0.54,-0.65,0.001753,0.001797,1,0.4089,-0.57,10.09,4.85,87.3,37.1,主流評分未進入全市場前 40%
1319,東陽,C 過熱或排除,41.43,30.0,51.7,45.4,37.5,45.2,45.4,15.5,18.5,527,0,150.0,0.0,0.0,0,0.81,-0.24,0.001606,0.00166,0,0.2129,2.7,-2.08,-7.32,80.0,134.4,相對強弱未轉強（弱於大盤）
00929,00929,C 過熱或排除,41.34,29.8,51.7,45.4,37.5,30.0,40.3,39.3,25.2,237,0,-1.0,0.0,0.0,0,0.73,-0.5,0.000605,0.000611,0,0.2835,2.69,3.96,-1.28,30.14,678.0,相對強弱未轉強（弱於大盤）
00670L,00670L,C 過熱或排除,41.33,29.6,51.7,45.4,37.5,10.7,32.9,65.5,45.0,646,0,-135.0,0.0,0.0,0,0.62,-0.85,0.004442,0.004316,1,0.6385,5.61,10.29,5.05,221.25,80.1,主流評分未進入全市場前 40%
1503,士電,C 過熱或排除,41.31,29.4,51.7,45.4,37.5,42.9,45.8,11.5,30.4,403,0,167.0,0.0,0.0,0,0.82,-0.29,0.004006,0.004174,0,0.3631,1.01,-3.86,-9.1,199.5,250.2,相對強弱未轉強（弱於大盤）
6202,盛群,C 過熱或排除,41.25,29.2,51.7,45.4,37.5,35.7,34.7,37.3,21.0,598,0,4.0,0.0,0.0,0,0.64,-0.4,0.001223,0.001212,0,0.2401,3.92,3.22,-2.02,60.9,95.7,相對強弱未轉強（弱於大盤）
6224,聚鼎,C 過熱或排除,41.22,29.0,51.7,45.4,37.5,48.6,46.2,3.8,25.8,634,0,228.0,0.0,0.0,0,0.82,-0.16,0.00161,0.001765,0,0.289,1.78,-9.68,-14.93,80.2,82.7,相對強弱未轉強（弱於大盤）
8383,千附,C 過熱或排除,41.1,28.8,51.7,45.4,37.5,33.5,7.5,55.8,42.1,669,0,-124.0,0.0,0.0,0,0.33,-0.44,0.001417,0.001409,1,0.5818,3.22,7.46,2.22,70.6,70.6,主流評分未進入全市場前 40%
2441,超豐,C 過熱或排除,41.02,28.6,51.7,45.4,37.5,13.3,26.0,56.3,63.1,348,0,-53.0,0.0,0.0,0,0.55,-0.8,0.00255,0.002545,1,1.4241,1.2,7.63,2.39,127.0,352.4,主流評分未進入全市場前 40%
2884,玉山金,C 過熱或排除,41.01,28.4,51.7,45.4,76.5,0.7,6.5,43.5,48.4,267,0,-7.0,0.0,0.0,1,0.31,-1.3,0.000919,0.00096,0,0.7525,2.01,5.05,-0.19,45.75,541.1,相對強弱未轉強（弱於大盤）
3023,信邦,C 過熱或排除,40.92,28.2,51.7,45.4,37.5,34.3,39.3,9.3,65.5,399,0,79.0,0.0,0.0,0,0.72,-0.42,0.006485,0.006698,0,1.5808,5.21,-4.86,-10.1,323.0,252.6,相對強弱未轉強（弱於大盤）
8464,億豐,C 過熱或排除,40.85,28.0,51.7,45.4,37.5,23.4,33.5,29.0,69.0,584,0,96.0,0.0,0.0,0,0.62,-0.62,0.007338,0.007793,0,1.8125,-0.27,1.25,-3.99,365.5,104.0,相對強弱未轉強（弱於大盤）
3479,安勤,C 過熱或排除,40.8,27.8,51.7,45.4,37.5,24.2,6.3,54.8,68.5,730,0,8.0,0.0,0.0,0,0.31,-0.61,0.0027,0.002783,1,1.767,-1.1,7.17,1.93,134.5,54.7,主流評分未進入全市場前 40%
3576,聯合再生,C 過熱或排除,40.7,27.6,51.7,45.4,37.5,31.7,19.2,61.1,5.4,497,0,-86.0,0.0,0.0,0,0.49,-0.47,0.000373,0.00037,1,0.0617,-5.58,9.09,3.85,18.6,157.3,主流評分未進入全市場前 40%
8050,廣積,C 過熱或排除,40.69,27.4,51.7,45.4,37.5,27.4,9.7,54.4,50.8,688,0,-1.0,0.0,0.0,0,0.35,-0.55,0.001217,0.001249,1,0.804,-4.72,7.07,1.83,60.6,65.3,主流評分未進入全市場前 40%
00994A,00994A,C 過熱或排除,40.67,27.2,51.7,45.4,37.5,28.0,28.4,57.9,4.2,795,0,-124.0,0.0,0.0,0,0.57,-0.54,0.000365,0.000357,1,0.0488,5.46,8.02,2.77,18.17,43.4,主流評分未進入全市場前 40%
3455,由田,C 過熱或排除,40.61,27.0,51.7,45.4,37.5,18.1,8.5,78.6,31.2,472,0,-160.0,0.0,0.0,0,0.34,-0.69,0.005642,0.005324,1,0.3852,5.24,19.57,14.33,281.0,185.6,主流評分未進入全市場前 40%
2382,廣達,C 過熱或排除,40.54,26.8,6.3,86.8,92.5,6.7,22.2,12.3,65.1,85,16,-8.0,-8.0,0.6,17,0.52,-0.92,0.006726,0.007086,0,1.5094,0.45,-3.6,-8.84,335.0,3256.3,相對強弱未轉強（弱於大盤）
3141,晶宏,C 過熱或排除,40.45,26.6,51.7,45.4,37.5,44.2,30.4,0.7,61.5,505,0,-205.0,0.0,0.0,0,0.59,-0.26,0.001636,0.00187,0,1.2689,-4.45,-19.79,-25.03,81.5,153.1,相對強弱未轉強（弱於大盤）
9910,豐泰,C 過熱或排除,40.39,26.4,51.7,45.4,37.5,46.0,49.0,8.5,2.0,636,0,91.0,0.0,0.0,0,0.89,-0.21,0.001331,0.001439,0,0.0139,-3.63,-5.01,-10.25,66.3,82.3,相對強弱未轉強（弱於大盤）
6617,共信-KY,C 過熱或排除,40.38,26.0,51.7,45.4,37.5,34.7,32.3,3.0,80.2,698,0,67.0,0.0,0.0,0,0.61,-0.42,0.002439,0.002811,0,3.409,-12.27,-10.0,-15.24,121.5,63.3,相對強弱未轉強（弱於大盤）
00401A,00401A,C 過熱或排除,40.38,26.0,51.7,45.4,37.5,29.0,42.3,36.5,10.5,661,0,-129.0,0.0,0.0,0,0.75,-0.52,0.000294,0.000299,0,0.1036,2.81,3.01,-2.23,14.62,73.3,相對強弱未轉強（弱於大盤）
00663L,00663L,C 過熱或排除,40.38,26.0,51.7,45.4,37.5,10.1,17.5,64.9,59.9,341,0,-53.0,0.0,0.0,0,0.47,-0.85,0.002425,0.00232,1,1.1927,7.04,10.12,4.88,120.8,360.7,主流評分未進入全市場前 40%
8255,朋程,C 過熱或排除,40.3,25.6,51.7,45.4,37.5,22.0,29.6,54.2,19.8,815,0,-60.0,0.0,0.0,0,0.58,-0.64,0.003072,0.002975,1,0.2245,4.08,6.99,1.75,153.0,40.7,主流評分未進入全市場前 40%
5328,華容,C 過熱或排除,40.26,25.4,51.7,45.4,37.5,36.7,29.2,11.1,61.9,285,0,216.0,0.0,0.0,0,0.58,-0.39,0.001165,0.001157,0,1.3605,9.23,-3.88,-9.12,58.0,492.5,相對強弱未轉強（弱於大盤）
00915,00915,C 過熱或排除,40.18,25.2,51.7,45.4,37.5,27.6,34.9,33.7,31.0,750,0,11.0,0.0,0.0,0,0.64,-0.54,0.000664,0.00069,0,0.3738,-0.03,2.32,-2.92,33.06,51.3,相對強弱未轉強（弱於大盤）
9945,潤泰新,C 過熱或排除,40.08,24.8,51.7,45.4,37.5,27.2,25.6,43.3,29.8,583,0,75.0,0.0,0.0,0,0.55,-0.55,0.000588,0.000605,0,0.3509,-0.51,5.02,-0.22,29.3,104.2,相對強弱未轉強（弱於大盤）
3293,鈊象,C 過熱或排除,40.08,24.8,51.7,1.8,80.3,26.8,4.0,63.7,79.6,289,0,-120.0,0.0,-4.6,2,0.26,-0.56,0.015661,0.015586,1,3.2905,-1.02,9.86,4.62,780.0,469.4,主流評分未進入全市場前 40%
6782,視陽,C 過熱或排除,40.08,24.8,51.7,45.4,37.5,29.2,14.3,30.4,72.2,821,0,225.0,0.0,0.0,0,0.42,-0.52,0.004668,0.004941,0,2.2472,-3.93,1.53,-3.71,232.5,39.5,相對強弱未轉強（弱於大盤）
1727,中華化,C 過熱或排除,40.05,24.4,7.8,4.6,85.1,55.0,54.6,75.0,64.3,219,0,-122.0,-4.0,-0.8,5,0.99,-0.01,0.002128,0.002183,1,1.4742,-2.75,16.48,11.24,106.0,801.0,主流評分未進入全市場前 40%
006208,006208,C 過熱或排除,40.03,24.2,51.7,45.4,37.5,15.3,18.7,46.8,71.2,337,0,-125.0,0.0,0.0,0,0.49,-0.75,0.005333,0.005335,1,2.089,3.63,5.54,0.3,265.6,367.0,主流評分未進入全市場前 40%
6214,精誠,C 過熱或排除,39.98,24.0,51.7,45.4,37.5,28.8,5.2,34.3,81.5,551,0,101.0,0.0,0.0,0,0.29,-0.53,0.003805,0.003984,0,3.5769,0.8,2.43,-2.81,189.5,121.8,相對強弱未轉強（弱於大盤）
8150,南茂,C 過熱或排除,39.94,23.8,0.7,3.8,88.4,52.0,52.2,93.1,68.7,68,33,-36.0,-36.0,-1.7,11,0.93,-0.08,0.00258,0.002166,1,1.7686,12.23,40.74,35.5,128.5,4482.7,主流評分未進入全市場前 40%
2915,潤泰全,C 過熱或排除,39.73,23.6,51.7,45.4,37.5,25.8,18.8,36.9,53.0,650,0,153.0,0.0,0.0,0,0.49,-0.58,0.001175,0.001221,0,0.8396,-0.51,3.17,-2.07,58.5,78.3,相對強弱未轉強（弱於大盤）
00757,00757,C 過熱或排除,39.7,23.3,51.7,45.4,37.5,23.6,17.3,41.1,53.8,624,0,55.0,0.0,0.0,0,0.47,-0.61,0.002933,0.002973,0,0.8745,2.03,4.43,-0.81,146.1,85.8,相對強弱未轉強（弱於大盤）
00980A,00980A,C 過熱或排除,39.7,23.3,51.7,45.4,37.5,21.4,28.8,51.2,17.1,496,0,0.0,0.0,0.0,0,0.57,-0.64,0.000535,0.000529,1,0.1897,4.96,6.3,1.06,26.67,158.0,主流評分未進入全市場前 40%
2605,新興,C 過熱或排除,39.64,23.0,51.7,45.4,37.5,35.5,27.8,27.2,23.6,424,0,-193.0,0.0,0.0,0,0.57,-0.4,0.000735,0.000763,0,0.2689,2.95,0.69,-4.55,36.6,233.7,相對強弱未轉強（弱於大盤）
8454,富邦媒,C 過熱或排除,39.51,22.8,51.7,45.4,37.5,22.2,18.5,28.6,76.8,663,0,48.0,0.0,0.0,0,0.49,-0.64,0.004909,0.005075,0,2.941,1.66,1.03,-4.21,244.5,72.5,相對強弱未轉強（弱於大盤）
3702,大聯大,C 過熱或排除,39.48,22.6,51.7,45.4,37.5,2.8,22.0,72.6,39.3,253,0,95.0,0.0,0.0,0,0.52,-1.08,0.002409,0.002367,1,0.537,5.26,14.29,9.05,120.0,620.1,主流評分未進入全市場前 40%
6949,6949,C 過熱或排除,39.42,22.4,51.7,45.4,37.5,46.8,26.6,0.7,40.7,582,0,44.0,0.0,0.0,0,0.56,-0.21,0.00091,0.00109,0,0.5607,-10.47,-32.49,-37.73,45.3,105.1,相對強弱未轉強（弱於大盤）
009802,009802,C 過熱或排除,39.24,22.2,51.7,45.4,37.5,43.7,16.7,26.6,14.7,694,0,-212.0,0.0,0.0,0,0.46,-0.27,0.000412,0.000421,0,0.1505,2.34,0.43,-4.81,20.54,64.1,相對強弱未轉強（弱於大盤）
5904,寶雅,C 過熱或排除,39.05,21.9,51.7,45.4,37.5,41.5,12.5,15.1,48.8,434,0,19.0,0.0,0.0,0,0.41,-0.31,0.001407,0.001492,0,0.7622,0.57,-2.23,-7.47,70.1,223.0,相對強弱未轉強（弱於大盤）
5876,上海商銀,C 過熱或排除,39.05,21.9,51.7,45.4,37.5,14.1,26.2,46.0,41.7,409,0,90.0,0.0,0.0,0,0.56,-0.78,0.000994,0.001032,1,0.5765,0.71,5.43,0.19,49.5,243.9,主流評分未進入全市場前 40%
4147,中裕,C 過熱或排除,38.95,21.6,51.7,45.4,37.5,28.2,31.9,17.7,42.7,806,0,5.0,0.0,0.0,0,0.61,-0.54,0.001243,0.001309,0,0.589,-2.83,-1.28,-6.52,61.9,42.4,相對強弱未轉強（弱於大盤）
9939,宏全,C 過熱或排除,38.93,21.4,51.7,45.4,37.5,29.8,27.6,18.5,44.6,612,0,94.0,0.0,0.0,0,0.56,-0.51,0.00256,0.002656,0,0.636,1.19,-1.16,-6.4,127.5,92.1,相對強弱未轉強（弱於大盤）
00894,00894,C 過熱或排除,38.89,21.2,51.7,45.4,37.5,9.1,28.2,57.1,27.2,833,0,-81.0,0.0,0.0,0,0.57,-0.87,0.001048,0.001031,1,0.3218,4.74,7.85,2.61,52.2,37.4,主流評分未進入全市場前 40%
2332,友訊,C 過熱或排除,38.84,21.0,51.7,45.4,37.5,19.6,9.3,60.1,26.4,447,0,75.0,0.0,0.0,0,0.35,-0.67,0.000424,0.000416,1,0.3045,2.43,8.48,3.24,21.1,210.8,主流評分未進入全市場前 40%
3617,碩天,C 過熱或排除,38.81,20.8,51.7,45.4,37.5,26.6,15.3,18.1,77.2,723,0,-87.0,0.0,0.0,0,0.44,-0.56,0.004929,0.005107,0,2.9846,1.45,-1.21,-6.45,245.5,56.8,相對強弱未轉強（弱於大盤）
2542,興富發,C 過熱或排除,38.75,20.5,51.7,45.4,37.5,39.9,44.6,2.2,9.1,353,0,49.0,0.0,0.0,0,0.78,-0.34,0.000779,0.000859,0,0.0918,0.39,-11.37,-16.61,38.8,328.5,相對強弱未轉強（弱於大盤）
6016,康和證,C 過熱或排除,38.75,20.5,51.7,45.4,37.5,11.1,24.2,60.3,20.0,714,0,-140.0,0.0,0.0,0,0.54,-0.84,0.000482,0.000489,1,0.2255,-1.23,8.6,3.36,24.0,58.5,主流評分未進入全市場前 40%
8081,致新,C 過熱或排除,38.66,20.1,51.7,45.4,37.5,22.8,18.1,38.1,39.7,620,0,-140.0,0.0,0.0,0,0.48,-0.62,0.00527,0.005306,0,0.5453,4.37,3.75,-1.49,262.5,87.8,相對強弱未轉強（弱於大盤）
5880,合庫金,C 過熱或排除,38.66,20.1,51.7,45.4,37.5,25.2,36.7,25.0,21.4,328,0,31.0,0.0,0.0,0,0.68,-0.59,0.000533,0.000562,0,0.2447,1.72,0.19,-5.05,26.55,383.5,相對強弱未轉強（弱於大盤）
2885,元大金,C 過熱或排除,38.64,19.8,51.7,45.4,37.5,16.1,35.3,23.6,54.0,182,0,-21.0,0.0,0.0,0,0.65,-0.73,0.001405,0.001458,0,0.8784,2.19,-0.28,-5.53,70.0,1092.9,相對強弱未轉強（弱於大盤）
8033,雷虎,C 過熱或排除,38.52,19.6,51.7,45.4,37.5,32.9,11.9,16.5,62.1,290,0,86.0,0.0,0.0,0,0.39,-0.46,0.003494,0.003612,0,1.3687,-0.29,-1.69,-6.94,174.0,469.0,相對強弱未轉強（弱於大盤）
00985B,00985B,C 過熱或排除,38.5,19.4,51.7,45.4,37.5,30.6,42.1,20.4,0.7,746,0,-220.0,0.0,0.0,0,0.75,-0.49,0.000201,0.000212,0,0.0061,-0.6,-0.89,-6.13,10.02,52.3,相對強弱未轉強（弱於大盤）
3490,單井,C 過熱或排除,38.48,19.2,51.7,45.4,37.5,30.8,21.2,19.0,44.0,616,0,-135.0,0.0,0.0,0,0.51,-0.49,0.000917,0.00094,0,0.6065,2.93,-1.08,-6.32,45.65,91.3,相對強弱未轉強（弱於大盤）
4904,遠傳,C 過熱或排除,38.36,19.0,51.7,45.4,37.5,16.5,21.0,38.7,45.6,319,0,53.0,0.0,0.0,0,0.51,-0.72,0.002128,0.002215,0,0.6675,2.42,3.92,-1.32,106.0,399.9,相對強弱未轉強（弱於大盤）
2880,華南金,C 過熱或排除,38.2,18.8,51.7,45.4,37.5,7.3,22.8,47.8,48.0,282,0,81.0,0.0,0.0,0,0.53,-0.91,0.000942,0.000966,1,0.7454,3.42,5.75,0.51,46.9,495.8,主流評分未進入全市場前 40%
3045,台灣大,C 過熱或排除,38.12,18.7,51.7,45.4,37.5,8.9,25.2,41.7,49.2,238,0,59.0,0.0,0.0,0,0.55,-0.87,0.00246,0.002568,0,0.7652,2.51,4.7,-0.54,122.5,665.1,相對強弱未轉強（弱於大盤）
6005,群益證,C 過熱或排除,38.03,18.5,51.7,45.4,37.5,20.2,39.9,22.2,23.0,482,0,-66.0,0.0,0.0,0,0.72,-0.66,0.000654,0.000673,0,0.2668,1.56,-0.46,-5.7,32.55,169.6,相對強弱未轉強（弱於大盤）
00993A,00993A,C 過熱或排除,37.95,18.2,51.7,45.4,37.5,13.1,23.2,57.7,5.2,781,0,-93.0,0.0,0.0,0,0.53,-0.8,0.000294,0.000287,1,0.0609,6.1,7.98,2.74,14.62,45.4,主流評分未進入全市場前 40%
2009,第一銅,C 過熱或排除,37.95,18.2,51.7,45.4,37.5,28.4,22.4,34.5,7.3,783,0,163.0,0.0,0.0,0,0.52,-0.53,0.000801,0.00083,0,0.0734,-0.25,2.44,-2.8,39.9,45.0,相對強弱未轉強（弱於大盤）
6023,元大期,C 過熱或排除,37.82,17.9,51.7,45.4,37.5,36.1,4.6,32.1,22.0,1012,0,133.0,0.0,0.0,0,0.27,-0.4,0.001697,0.0018,0,0.2508,-0.59,1.93,-3.31,84.5,21.6,相對強弱未轉強（弱於大盤）
6547,高端疫苗,C 過熱或排除,37.66,17.7,51.7,45.4,37.5,30.4,20.0,13.1,43.3,553,0,-91.0,0.0,0.0,0,0.5,-0.5,0.001233,0.001282,0,0.6002,-1.6,-3.15,-8.4,61.4,121.2,相對強弱未轉強（弱於大盤）
00923,00923,C 過熱或排除,37.6,17.5,51.7,45.4,37.5,17.1,17.7,42.1,28.8,550,0,-113.0,0.0,0.0,0,0.47,-0.72,0.000859,0.000864,0,0.3388,3.08,4.72,-0.52,42.79,122.1,相對強弱未轉強（弱於大盤）
6112,邁達特,C 過熱或排除,37.55,17.3,51.7,45.4,37.5,41.3,5.6,18.7,26.2,1015,0,-319.0,0.0,0.0,0,0.29,-0.32,0.000898,0.000997,0,0.3,-6.87,-1.1,-6.35,44.75,21.5,相對強弱未轉強（弱於大盤）
1102,亞泥,C 過熱或排除,37.51,17.1,51.7,45.4,37.5,20.4,26.4,34.1,15.3,452,0,-51.0,0.0,0.0,0,0.56,-0.66,0.000721,0.000745,0,0.1606,0.28,2.43,-2.82,35.9,206.3,相對強弱未轉強（弱於大盤）
7714,創泓科技,C 過熱或排除,37.44,16.9,51.7,45.4,37.5,14.5,1.8,37.9,73.2,1101,0,-314.0,0.0,0.0,0,0.19,-0.77,0.003383,0.003564,0,2.3724,-2.03,3.69,-1.55,168.5,16.2,相對強弱未轉強（弱於大盤）
9941,裕融,C 過熱或排除,37.22,16.7,51.7,45.4,37.5,23.0,35.9,8.1,34.5,710,0,-54.0,0.0,0.0,0,0.66,-0.62,0.001532,0.001666,0,0.4195,-2.05,-5.22,-10.46,76.3,60.3,相對強弱未轉強（弱於大盤）
1210,大成,C 過熱或排除,37.11,16.5,51.7,45.4,37.5,26.4,33.7,17.1,8.7,711,0,119.0,0.0,0.0,0,0.63,-0.57,0.00103,0.001093,0,0.0897,-1.35,-1.54,-6.78,51.3,60.1,相對強弱未轉強（弱於大盤）
2002,中鋼,C 過熱或排除,37.05,16.3,51.7,45.4,37.5,22.4,35.1,24.0,2.8,307,0,20.0,0.0,0.0,0,0.64,-0.64,0.00038,0.000397,0,0.0265,-1.3,-0.26,-5.5,18.95,425.0,相對強弱未轉強（弱於大盤）
2401,凌陽,C 過熱或排除,36.98,16.1,51.7,45.4,37.5,18.5,27.2,37.5,2.2,751,0,-105.0,0.0,0.0,0,0.56,-0.69,0.000531,0.000538,0,0.014,-1.12,3.52,-1.72,26.45,51.2,相對強弱未轉強（弱於大盤）
2834,臺企銀,C 過熱或排除,36.97,15.9,51.7,45.4,37.5,33.9,2.4,32.9,14.3,460,0,-72.0,0.0,0.0,0,0.22,-0.43,0.000352,0.000377,0,0.1479,-1.13,2.03,-3.21,17.55,199.6,相對強弱未轉強（弱於大盤）
3005,神基,C 過熱或排除,36.87,15.7,51.7,45.4,37.5,10.9,7.9,40.9,54.4,561,0,-180.0,0.0,0.0,0,0.34,-0.85,0.002369,0.002455,0,0.8935,1.29,4.42,-0.82,118.0,116.8,相對強弱未轉強（弱於大盤）
00715L,00715L,C 過熱或排除,36.84,15.5,51.7,45.4,37.5,0.7,5.4,76.8,17.7,567,0,-44.0,0.0,0.0,0,0.29,-1.25,0.001403,0.001401,1,0.1975,10.34,18.17,12.93,69.9,114.3,主流評分未進入全市場前 40%
3042,晶技,C 過熱或排除,36.77,15.3,0.7,0.7,88.4,45.6,47.4,78.0,76.2,98,3,-44.0,-44.0,-8.3,11,0.85,-0.23,0.004226,0.004087,1,2.8455,0.24,19.26,14.02,210.5,2678.3,主流評分未進入全市場前 40%
2201,裕隆,C 過熱或排除,36.71,15.1,51.7,45.4,37.5,32.1,30.6,6.0,12.1,709,0,-94.0,0.0,0.0,0,0.59,-0.47,0.00058,0.000621,0,0.1214,-1.2,-6.17,-11.41,28.9,60.6,相對強弱未轉強（弱於大盤）
6409,旭隼,C 過熱或排除,36.65,14.8,51.7,45.4,37.5,10.3,25.4,4.0,90.7,395,0,14.0,0.0,0.0,0,0.55,-0.85,0.017829,0.018721,0,8.2733,-2.09,-9.11,-14.35,888.0,256.9,相對強弱未轉強（弱於大盤）
3048,益登,C 過熱或排除,36.65,14.8,51.7,45.4,37.5,31.9,14.7,24.6,6.0,690,0,-28.0,0.0,0.0,0,0.43,-0.47,0.001072,0.001083,0,0.0643,3.29,-0.19,-5.43,53.4,65.1,相對強弱未轉強（弱於大盤）
2354,鴻準,C 過熱或排除,36.64,14.4,51.7,45.4,37.5,31.2,20.4,6.9,31.9,338,0,-124.0,0.0,0.0,0,0.5,-0.48,0.001247,0.001368,0,0.4,-5.48,-5.48,-10.72,62.1,366.1,相對強弱未轉強（弱於大盤）
00939,00939,C 過熱或排除,36.64,14.4,51.7,45.4,37.5,9.7,32.5,29.2,27.6,762,0,-40.0,0.0,0.0,0,0.61,-0.87,0.000484,0.000506,0,0.3259,0.12,1.3,-3.94,24.13,49.9,相對強弱未轉強（弱於大盤）
2606,裕民,C 過熱或排除,36.29,14.1,51.7,45.4,37.5,31.0,7.3,8.3,49.0,516,0,-80.0,0.0,0.0,0,0.33,-0.49,0.001496,0.0016,0,0.7634,1.22,-5.22,-10.46,74.5,142.7,相對強弱未轉強（弱於大盤）
6414,樺漢,C 過熱或排除,36.27,13.9,51.7,45.4,37.5,9.9,2.6,29.6,78.8,423,0,-61.0,0.0,0.0,0,0.23,-0.85,0.007931,0.008032,0,3.1964,0.77,1.41,-3.83,395.0,234.1,相對強弱未轉強（弱於大盤）
3504,揚明光,C 過熱或排除,36.25,13.6,51.7,45.4,37.5,25.0,11.1,19.2,36.7,618,0,-115.0,0.0,0.0,0,0.38,-0.59,0.001679,0.001694,0,0.462,5.69,-1.07,-6.31,83.6,88.5,相對強弱未轉強（弱於大盤）
6907,雅特力-KY,C 過熱或排除,36.25,13.6,51.7,45.4,37.5,19.4,9.1,7.5,80.6,545,0,-58.0,0.0,0.0,0,0.34,-0.67,0.003795,0.00394,0,3.4228,0.53,-5.26,-10.5,189.0,124.3,相對強弱未轉強（弱於大盤）
3034,聯詠,C 過熱或排除,36.24,13.3,51.7,45.4,37.5,2.6,23.8,15.9,84.9,185,0,14.0,0.0,0.0,0,0.54,-1.13,0.010621,0.011453,0,4.651,-3.11,-2.04,-7.28,529.0,1074.2,相對強弱未轉強（弱於大盤）
1402,遠東新,C 過熱或排除,36.21,13.1,51.7,45.4,37.5,17.5,29.0,23.0,15.1,419,0,147.0,0.0,0.0,0,0.57,-0.71,0.000574,0.000591,0,0.1555,1.24,-0.35,-5.59,28.6,240.4,相對強弱未轉強（弱於大盤）
2801,彰銀,C 過熱或排除,35.94,12.9,51.7,45.4,37.5,5.6,15.5,41.9,34.7,357,0,-2.0,0.0,0.0,0,0.44,-0.98,0.000557,0.000587,0,0.4219,0.54,4.72,-0.52,27.75,314.1,相對強弱未轉強（弱於大盤）
2377,微星,C 過熱或排除,35.67,12.7,51.7,45.4,37.5,12.5,7.7,16.7,74.4,252,0,-34.0,0.0,0.0,0,0.33,-0.82,0.003132,0.003208,0,2.4652,3.31,-1.58,-6.82,156.0,622.9,相對強弱未轉強（弱於大盤）
2617,台航,C 過熱或排除,35.55,12.5,51.7,45.4,37.5,24.8,17.1,14.5,20.8,984,0,-145.0,0.0,0.0,0,0.46,-0.6,0.000644,0.000684,0,0.2342,2.07,-2.43,-7.67,32.1,23.1,相對強弱未轉強（弱於大盤）
5269,祥碩,C 過熱或排除,35.53,12.3,51.7,45.4,37.5,2.4,4.8,28.8,83.7,411,0,-124.0,0.0,0.0,0,0.28,-1.13,0.029213,0.030309,0,4.3798,-0.34,1.04,-4.2,1455.0,242.7,相對強弱未轉強（弱於大盤）
6206,飛捷,C 過熱或排除,35.49,12.1,51.7,45.4,37.5,16.9,6.7,18.8,55.4,631,0,33.0,0.0,0.0,0,0.31,-0.72,0.0027,0.002905,0,0.9387,-3.58,-1.1,-6.34,134.5,84.0,相對強弱未轉強（弱於大盤）
3037,欣興,C 過熱或排除,35.46,11.9,4.5,4.6,97.0,16.7,24.0,92.3,95.0,31,70,-13.0,-13.0,-0.8,20,0.54,-0.72,0.026201,0.023073,1,17.1831,11.06,37.51,32.27,1305.0,11978.1,主流評分未進入全市場前 40%
3312,弘憶股,C 過熱或排除,35.42,11.7,51.7,45.4,37.5,18.3,8.3,26.0,32.3,1010,0,-2.0,0.0,0.0,0,0.34,-0.69,0.001034,0.00106,0,0.4018,-0.96,0.39,-4.85,51.5,21.7,相對強弱未轉強（弱於大盤）
00878,00878,C 過熱或排除,35.34,11.5,51.7,45.4,37.5,6.2,16.1,33.9,35.7,251,0,-41.0,0.0,0.0,0,0.45,-0.95,0.000707,0.00073,0,0.4408,0.92,2.41,-2.83,35.22,623.3,相對強弱未轉強（弱於大盤）
2027,大成鋼,C 過熱或排除,35.32,11.2,51.7,45.4,37.5,15.1,21.6,13.9,37.5,318,0,80.0,0.0,0.0,0,0.51,-0.76,0.000959,0.000994,0,0.473,0.63,-2.75,-7.99,47.75,401.2,相對強弱未轉強（弱於大盤）
2645,長榮航太,C 過熱或排除,35.32,11.2,51.7,45.4,37.5,15.9,1.6,23.4,56.2,568,0,25.0,0.0,0.0,0,0.18,-0.74,0.003483,0.003633,0,0.9686,0.29,-0.29,-5.53,173.5,114.1,相對強弱未轉強（弱於大盤）
00982A,00982A,C 過熱或排除,35.28,10.9,51.7,45.4,37.5,3.8,14.9,50.0,11.9,408,0,-95.0,0.0,0.0,0,0.44,-1.01,0.000492,0.000484,1,0.121,6.29,6.01,0.77,24.52,244.0,主流評分未進入全市場前 40%
9921,巨大,C 過熱或排除,35.25,10.7,51.7,45.4,37.5,19.8,10.3,6.7,58.7,581,0,-6.0,0.0,0.0,0,0.37,-0.67,0.001843,0.001927,0,1.1118,-1.4,-5.65,-10.89,91.8,105.9,相對強弱未轉強（弱於大盤）
2892,第一金,C 過熱或排除,35.16,10.5,51.7,45.4,37.5,0.7,13.1,40.7,40.9,268,0,12.0,0.0,0.0,0,0.42,-1.38,0.000781,0.000822,0,0.5655,0.65,4.29,-0.95,38.9,538.1,相對強弱未轉強（弱於大盤）
7777,能率亞洲,C 過熱或排除,35.05,10.3,51.7,45.4,37.5,21.6,11.5,16.3,28.0,867,0,-318.0,0.0,0.0,0,0.38,-0.64,0.000749,0.000776,0,0.3308,-1.84,-1.84,-7.08,37.3,32.7,相對強弱未轉強（弱於大盤）
3022,威強電,C 過熱或排除,34.95,10.1,51.7,45.4,37.5,12.7,3.6,20.6,59.7,715,0,-20.0,0.0,0.0,0,0.25,-0.82,0.001821,0.001879,0,1.1927,-1.73,-0.87,-6.11,90.7,58.1,相對強弱未轉強（弱於大盤）
4973,廣穎,C 過熱或排除,34.9,9.9,51.7,45.4,37.5,16.3,12.1,3.2,65.9,632,0,105.0,0.0,0.0,0,0.4,-0.73,0.002721,0.002914,0,1.6075,-1.81,-9.97,-15.21,135.5,83.9,相對強弱未轉強（弱於大盤）
00865B,00865B,C 過熱或排除,34.88,9.7,51.7,45.4,37.5,8.3,29.8,27.8,4.8,617,0,-163.0,0.0,0.0,0,0.58,-0.88,0.000983,0.001026,0,0.0548,-0.1,0.8,-4.44,48.94,88.9,相對強弱未轉強（弱於大盤）
2887,台新新光金,C 過熱或排除,34.86,9.4,51.7,5.0,80.3,4.4,19.6,34.9,56.0,178,0,12.0,0.0,-0.6,2,0.49,-1.0,0.000846,0.000896,0,0.9666,0.48,2.55,-2.69,42.15,1146.9,相對強弱未轉強（弱於大盤）
5534,長虹,C 過熱或排除,34.86,9.4,51.7,45.4,37.5,24.6,24.4,7.3,7.1,883,0,-269.0,0.0,0.0,0,0.54,-0.6,0.001438,0.001552,0,0.0733,-2.05,-5.29,-10.53,71.6,31.2,相對強弱未轉強（弱於大盤）
1229,聯華,C 過熱或排除,34.8,9.0,51.7,45.4,37.5,17.3,30.8,9.5,10.9,736,0,-103.0,0.0,0.0,0,0.59,-0.71,0.000796,0.000849,0,0.1059,-0.63,-4.8,-10.04,39.65,53.7,相對強弱未轉強（弱於大盤）
2886,兆豐金,C 過熱或排除,34.8,9.0,51.7,45.4,37.5,2.2,26.8,20.8,41.5,217,0,-41.0,0.0,0.0,0,0.56,-1.14,0.001,0.001058,0,0.573,1.32,-0.8,-6.04,49.8,821.0,相對強弱未轉強（弱於大盤）
4541,晟田,C 過熱或排除,34.54,8.7,51.7,45.4,37.5,19.2,0.7,13.5,52.0,915,0,30.0,0.0,0.0,0,0.07,-0.67,0.001187,0.001246,0,0.8211,-4.06,-2.95,-8.19,59.1,28.5,相對強弱未轉強（弱於大盤）
2392,正崴,C 過熱或排除,34.53,8.5,51.7,45.4,37.5,27.0,10.9,4.8,25.6,728,0,70.0,0.0,0.0,0,0.38,-0.55,0.000818,0.000884,0,0.288,-2.04,-8.12,-13.36,40.75,54.9,相對強弱未轉強（弱於大盤）
7744,崴寶,C 過熱或排除,34.42,8.3,51.7,45.4,37.5,21.0,16.5,8.7,22.2,971,0,-33.0,0.0,0.0,0,0.46,-0.65,0.010701,0.010915,0,0.2524,1.91,-4.99,-10.23,533.0,23.8,相對強弱未轉強（弱於大盤）
00953B,00953B,C 過熱或排除,34.36,8.1,51.7,45.4,37.5,9.5,32.7,19.8,0.7,443,0,-149.0,0.0,0.0,0,0.62,-0.87,0.00019,0.0002,0,0.0095,-0.63,-0.94,-6.18,9.45,215.0,相對強弱未轉強（弱於大盤）
4763,材料*-KY,C 過熱或排除,34.34,7.9,51.7,45.4,37.5,8.7,23.0,15.3,31.3,432,0,33.0,0.0,0.0,0,0.53,-0.87,0.000931,0.000984,0,0.388,-5.21,-2.2,-7.44,46.35,223.3,相對強弱未轉強（弱於大盤）
2812,台中銀,C 過熱或排除,34.27,7.7,51.7,45.4,37.5,13.5,28.0,15.7,5.0,463,0,44.0,0.0,0.0,0,0.57,-0.8,0.000378,0.000402,0,0.0605,0.0,-2.08,-7.32,18.85,193.5,相對強弱未轉強（弱於大盤）
00984D,00984D,C 過熱或排除,33.99,7.5,51.7,45.4,37.5,11.7,31.3,14.3,0.7,556,0,-109.0,0.0,0.0,0,0.6,-0.83,0.000193,0.000206,0,0.0032,-1.03,-2.53,-7.77,9.63,120.4,相對強弱未轉強（弱於大盤）
6121,新普,C 過熱或排除,33.75,7.3,51.7,45.4,37.5,10.5,13.3,10.3,43.7,549,0,-243.0,0.0,0.0,0,0.42,-0.85,0.007429,0.007931,0,0.6033,-1.86,-4.27,-9.51,370.0,123.3,相對強弱未轉強（弱於大盤）
2312,金寶,C 過熱或排除,33.69,7.1,51.7,45.4,37.5,11.5,25.8,11.3,12.3,441,0,-42.0,0.0,0.0,0,0.55,-0.84,0.000623,0.000651,0,0.1227,-0.64,-3.87,-9.11,31.05,217.2,相對強弱未轉強（弱於大盤）
4939,亞電,C 過熱或排除,33.59,6.9,51.7,45.4,37.5,15.7,0.7,0.7,69.2,481,0,-128.0,0.0,0.0,0,0.15,-0.75,0.001544,0.001676,0,1.8295,-7.13,-17.84,-23.08,76.9,169.7,相對強弱未轉強（弱於大盤）
4938,和碩,C 過熱或排除,33.51,6.6,51.7,45.4,37.5,12.3,6.0,11.7,45.2,363,0,-94.0,0.0,0.0,0,0.3,-0.82,0.001807,0.001898,0,0.6411,0.22,-3.85,-9.09,90.0,303.5,相對強弱未轉強（弱於大盤）
2465,麗臺,C 過熱或排除,33.51,6.6,51.7,45.4,37.5,18.8,8.1,1.8,41.1,593,0,38.0,0.0,0.0,0,0.34,-0.67,0.001787,0.001919,0,0.567,-2.41,-13.17,-18.41,89.0,98.6,相對強弱未轉強（弱於大盤）
9914,美利達,C 過熱或排除,33.5,6.3,51.7,45.4,37.5,25.4,4.4,1.6,29.2,659,0,-20.0,0.0,0.0,0,0.27,-0.59,0.001353,0.001454,0,0.3434,-1.32,-13.37,-18.61,67.4,74.3,相對強弱未轉強（弱於大盤）
2426,鼎元,C 過熱或排除,33.48,6.2,1.4,2.4,89.5,46.2,46.0,43.1,67.9,102,0,-33.0,-32.0,-3.8,12,0.82,-0.21,0.002088,0.002101,0,1.7315,0.0,4.94,-0.3,104.0,2477.5,相對強弱未轉強（弱於大盤）
6805,富世達,C 過熱或排除,33.42,6.0,0.7,3.4,88.4,31.5,37.5,59.5,97.6,111,0,-51.0,-41.0,-2.1,11,0.7,-0.47,0.049291,0.048771,1,26.3804,0.0,8.39,3.15,2455.0,2291.4,主流評分未進入全市場前 40%
2352,佳世達,C 過熱或排除,33.41,5.8,51.7,45.4,37.5,5.4,16.9,23.2,19.2,639,0,-155.0,0.0,0.0,0,0.46,-0.98,0.00058,0.00061,0,0.2188,-2.53,-0.34,-5.59,28.9,81.5,相對強弱未轉強（弱於大盤）
7861,7861,C 過熱或排除,33.37,5.6,51.7,45.4,37.5,6.3,9.9,1.4,73.0,755,0,-173.0,0.0,0.0,0,0.35,-0.94,0.02078,0.024433,0,2.35,-7.59,-13.39,-18.63,1035.0,50.7,相對強弱未轉強（弱於大盤）
2634,漢翔,C 過熱或排除,33.28,5.4,51.7,45.4,37.5,12.1,0.7,10.9,53.4,362,0,-17.0,0.0,0.0,0,0.12,-0.83,0.001277,0.001346,0,0.8675,-0.62,-4.07,-9.31,63.6,304.6,相對強弱未轉強（弱於大盤）
2633,台灣高鐵,C 過熱或排除,33.25,5.2,51.7,45.4,37.5,12.9,15.7,19.6,3.0,743,0,-135.0,0.0,0.0,0,0.45,-0.81,0.000517,0.000543,0,0.0346,0.39,-0.96,-6.2,25.75,52.6,相對強弱未轉強（弱於大盤）
00981B,00981B,C 過熱或排除,33.22,5.0,51.7,45.4,37.5,4.8,30.2,18.3,0.7,668,0,-177.0,0.0,0.0,0,0.59,-1.0,0.000179,0.000189,0,0.0062,-0.33,-1.18,-6.43,8.94,71.0,相對強弱未轉強（弱於大盤）
00919,00919,C 過熱或排除,33.19,4.8,51.7,2.0,86.5,5.0,19.0,26.4,32.1,176,0,-22.0,0.0,-4.0,8,0.49,-0.99,0.000641,0.000669,0,0.4003,0.19,0.43,-4.81,31.94,1157.5,相對強弱未轉強（弱於大盤）
2324,仁寶,C 過熱或排除,33.03,4.6,51.7,45.4,37.5,20.0,5.8,3.4,29.6,221,0,2.0,0.0,0.0,0,0.3,-0.66,0.000725,0.000782,0,0.349,-2.7,-9.86,-15.1,36.1,789.5,相對強弱未轉強（弱於大盤）
6269,台郡,C 過熱或排除,32.99,4.4,51.7,45.4,37.5,20.8,2.2,12.1,16.1,648,0,-143.0,0.0,0.0,0,0.2,-0.65,0.001311,0.001372,0,0.1725,-1.06,-3.69,-8.93,65.3,79.4,相對強弱未轉強（弱於大盤）
3704,合勤控,C 過熱或排除,32.66,4.2,51.7,45.4,37.5,11.9,3.8,21.6,14.1,855,0,-77.0,0.0,0.0,0,0.25,-0.83,0.000792,0.000847,0,0.1459,-2.59,-0.63,-5.87,39.45,34.5,相對強弱未轉強（弱於大盤）
2610,華航,C 過熱或排除,32.3,4.0,51.7,45.4,37.5,7.5,6.9,22.0,12.7,465,0,2.0,0.0,0.0,0,0.31,-0.9,0.000409,0.000426,0,0.1295,-0.49,-0.49,-5.73,20.35,192.7,相對強弱未轉強（弱於大盤）
2618,長榮航,C 過熱或排除,32.13,3.8,51.7,45.4,37.5,0.7,3.4,22.8,35.5,365,0,-125.0,0.0,0.0,0,0.24,-1.31,0.000842,0.000884,0,0.44,-2.1,-0.36,-5.6,41.95,297.2,相對強弱未轉強（弱於大盤）
2356,英業達,C 過熱或排除,31.97,3.6,51.7,45.4,37.5,7.9,10.5,2.0,37.9,261,0,-36.0,0.0,0.0,0,0.37,-0.89,0.001167,0.00128,0,0.4823,-2.35,-12.1,-17.34,58.1,563.4,相對強弱未轉強（弱於大盤）
5871,中租-KY,C 過熱或排除,31.93,3.4,51.7,45.4,37.5,4.6,20.6,6.5,17.9,309,0,-74.0,0.0,0.0,0,0.5,-1.0,0.002128,0.002304,0,0.2038,-0.93,-5.78,-11.02,106.0,420.1,相對強弱未轉強（弱於大盤）
3706,神達,C 過熱或排除,31.92,3.2,51.7,45.4,37.5,0.7,6.2,21.4,28.6,404,0,-60.0,0.0,0.0,0,0.3,-1.37,0.001624,0.001682,0,0.3328,2.02,-0.63,-5.87,80.9,248.6,相對強弱未轉強（弱於大盤）
2889,國票金,C 過熱或排除,31.85,3.0,51.7,45.4,37.5,7.1,5.0,20.2,12.5,756,0,-20.0,0.0,0.0,0,0.29,-0.91,0.000327,0.00035,0,0.1238,-1.21,-0.91,-6.15,16.3,50.4,相對強弱未轉強（弱於大盤）
00945B,00945B,C 過熱或排除,31.71,2.7,51.7,45.4,37.5,1.6,15.1,22.4,1.8,887,0,-239.0,0.0,0.0,0,0.44,-1.19,0.000286,0.0003,0,0.0136,0.35,-0.44,-5.68,14.24,30.8,相對強弱未轉強（弱於大盤）
2353,宏碁,C 過熱或排除,31.71,2.7,51.7,45.4,37.5,3.6,12.3,13.3,19.6,412,0,-126.0,0.0,0.0,0,0.4,-1.03,0.000628,0.000664,0,0.2227,-1.11,-3.1,-8.34,31.3,242.5,相對強弱未轉強（弱於大盤）
8112,至上,C 過熱或排除,31.45,2.4,51.7,45.4,37.5,14.3,3.2,5.2,16.9,398,0,-19.0,0.0,0.0,0,0.23,-0.78,0.001681,0.001764,0,0.1843,1.09,-7.41,-12.65,83.7,253.0,相對強弱未轉強（弱於大盤）
8932,智通*,C 過熱或排除,31.4,2.2,51.7,45.4,37.5,3.2,0.7,10.1,44.2,794,0,-128.0,0.0,0.0,0,0.14,-1.03,0.001809,0.001926,0,0.6131,-2.7,-4.35,-9.59,90.1,43.4,相對強弱未轉強（弱於大盤）
00642U,00642U,C 過熱或排除,31.37,2.0,51.7,45.4,37.5,3.4,0.7,29.4,4.6,1122,0,-99.0,0.0,0.0,0,0.17,-1.03,0.000624,0.000674,0,0.0519,0.88,1.4,-3.84,31.1,15.5,相對強弱未轉強（弱於大盤）
6177,達麗,C 過熱或排除,31.25,1.8,51.7,45.4,37.5,4.0,8.9,12.9,16.7,950,0,-107.0,0.0,0.0,0,0.34,-1.01,0.000922,0.000985,0,0.1835,-1.18,-3.16,-8.4,45.9,25.8,相對強弱未轉強（弱於大盤）
6265,方土昶,C 過熱或排除,30.86,1.6,51.7,45.4,37.5,11.3,2.0,2.4,21.8,802,0,53.0,0.0,0.0,0,0.2,-0.84,0.000987,0.001038,0,0.246,1.03,-10.31,-15.55,49.15,42.7,相對強弱未轉強（弱於大盤）
2845,遠東銀,C 過熱或排除,30.81,1.4,51.7,45.4,37.5,6.5,10.7,7.1,8.1,720,0,44.0,0.0,0.0,0,0.37,-0.92,0.000261,0.000281,0,0.081,-0.76,-5.45,-10.69,13.0,57.2,相對強弱未轉強（弱於大盤）
2897,王道銀行,C 過熱或排除,30.51,1.2,51.7,45.4,37.5,1.8,3.0,20.0,6.2,1187,0,-148.0,0.0,0.0,0,0.23,-1.17,0.000214,0.000231,0,0.0654,-2.29,-0.93,-6.17,10.65,12.8,相對強弱未轉強（弱於大盤）
00955,00955,C 過熱或排除,30.32,1.0,51.7,45.4,37.5,2.0,9.5,13.7,1.4,951,0,-131.0,0.0,0.0,0,0.35,-1.14,0.000319,0.000342,0,0.0124,-1.31,-2.76,-8.0,15.88,25.7,相對強弱未轉強（弱於大盤）
2359,所羅門,C 過熱或排除,30.21,0.8,51.7,45.4,37.5,13.9,0.7,2.6,3.4,576,0,-58.0,0.0,0.0,0,0.11,-0.78,0.00256,0.002714,0,0.0437,-0.78,-10.21,-15.45,127.5,108.7,相對強弱未轉強（弱於大盤）
5471,松翰,C 過熱或排除,29.77,0.6,51.7,45.4,37.5,5.8,1.4,0.7,21.2,962,0,-126.0,0.0,0.0,0,0.18,-0.98,0.001038,0.001097,0,0.2433,-1.15,-15.25,-20.49,51.7,24.4,相對強弱未轉強（弱於大盤）
3481,群創,C 過熱或排除,24.87,0.4,5.5,0.7,97.0,1.4,14.5,44.0,55.0,57,44,-10.0,-10.0,-7.8,20,0.42,-1.2,0.001054,0.001052,0,0.9119,-4.02,5.11,-0.14,52.5,5351.1,相對強弱未轉強（弱於大盤）
3231,緯創,C 過熱或排除,24.3,0.2,4.9,3.2,97.0,14.7,13.5,6.2,74.6,63,38,-12.0,-12.0,-2.4,20,0.42,-0.77,0.003714,0.003899,0,2.4842,0.27,-6.09,-11.33,185.0,4947.8,相對強弱未轉強（弱於大盤）
